cell_id,czi,series_id,cell_seg_id,condition
20181005_R01_001-Scene-01-P14-A01_seg_0_cid_13,20181005_R01_001.czi,0,13,hiPSC-H2B-TSA-50nM-5hrs-ZSD0
20181005_R01_001-Scene-01-P14-A01_seg_0_cid_11,20181005_R01_001.czi,0,11,hiPSC-H2B-TSA-50nM-5hrs-ZSD0
20181005_R01_001-Scene-01-P14-A01_seg_0_cid_10,20181005_R01_001.czi,0,10,hiPSC-H2B-TSA-50nM-5hrs-ZSD0
20181005_R01_001-Scene-01-P14-A01_seg_0_cid_15,20181005_R01_001.czi,0,15,hiPSC-H2B-TSA-50nM-5hrs-ZSD0
20181005_R01_001-Scene-01-P14-A01_seg_0_cid_14,20181005_R01_001.czi,0,14,hiPSC-H2B-TSA-50nM-5hrs-ZSD0
20181005_R01_001-Scene-01-P14-A01_seg_0_cid_19,20181005_R01_001.czi,0,19,hiPSC-H2B-TSA-50nM-5hrs-ZSD0
20181005_R01_001-Scene-01-P14-A01_seg_0_cid_21,20181005_R01_001.czi,0,21,hiPSC-H2B-TSA-50nM-5hrs-ZSD0
20181005_R01_001-Scene-01-P14-A01_seg_0_cid_20,20181005_R01_001.czi,0,20,hiPSC-H2B-TSA-50nM-5hrs-ZSD0
20181005_R01_001-Scene-01-P14-A01_seg_0_cid_16,20181005_R01_001.czi,0,16,hiPSC-H2B-TSA-50nM-5hrs-ZSD0
20181005_R01_001-Scene-01-P14-A01_seg_0_cid_18,20181005_R01_001.czi,0,18,hiPSC-H2B-TSA-50nM-5hrs-ZSD0
20181005_R01_001-Scene-01-P14-A01_seg_0_cid_4,20181005_R01_001.czi,0,4,hiPSC-H2B-TSA-50nM-5hrs-ZSD0
20181005_R01_001-Scene-02-P15-A01_seg_0_cid_1,20181005_R01_001.czi,1,1,hiPSC-H2B-TSA-50nM-5hrs-ZSD0
20181005_R01_001-Scene-02-P15-A01_seg_0_cid_13,20181005_R01_001.czi,1,13,hiPSC-H2B-TSA-50nM-5hrs-ZSD0
20181005_R01_001-Scene-02-P15-A01_seg_0_cid_4,20181005_R01_001.czi,1,4,hiPSC-H2B-TSA-50nM-5hrs-ZSD0
20181005_R01_001-Scene-02-P15-A01_seg_0_cid_5,20181005_R01_001.czi,1,5,hiPSC-H2B-TSA-50nM-5hrs-ZSD0
20181005_R01_001-Scene-02-P15-A01_seg_0_cid_16,20181005_R01_001.czi,1,16,hiPSC-H2B-TSA-50nM-5hrs-ZSD0
20181005_R01_001-Scene-02-P15-A01_seg_0_cid_7,20181005_R01_001.czi,1,7,hiPSC-H2B-TSA-50nM-5hrs-ZSD0
20181005_R01_001-Scene-02-P15-A01_seg_0_cid_8,20181005_R01_001.czi,1,8,hiPSC-H2B-TSA-50nM-5hrs-ZSD0
20181005_R01_001-Scene-02-P15-A01_seg_0_cid_9,20181005_R01_001.czi,1,9,hiPSC-H2B-TSA-50nM-5hrs-ZSD0
20181005_R01_001-Scene-02-P15-A01_seg_0_cid_10,20181005_R01_001.czi,1,10,hiPSC-H2B-TSA-50nM-5hrs-ZSD0
20181005_R01_001-Scene-02-P15-A01_seg_0_cid_11,20181005_R01_001.czi,1,11,hiPSC-H2B-TSA-50nM-5hrs-ZSD0
20181005_R01_001-Scene-02-P15-A01_seg_0_cid_19,20181005_R01_001.czi,1,19,hiPSC-H2B-TSA-50nM-5hrs-ZSD0
20181005_R01_001-Scene-02-P15-A01_seg_0_cid_6,20181005_R01_001.czi,1,6,hiPSC-H2B-TSA-50nM-5hrs-ZSD0
20181005_R01_001-Scene-02-P15-A01_seg_0_cid_15,20181005_R01_001.czi,1,15,hiPSC-H2B-TSA-50nM-5hrs-ZSD0
20181005_R01_001-Scene-02-P15-A01_seg_0_cid_17,20181005_R01_001.czi,1,17,hiPSC-H2B-TSA-50nM-5hrs-ZSD0
20181005_R01_001-Scene-03-P13-A01_seg_0_cid_12,20181005_R01_001.czi,2,12,hiPSC-H2B-TSA-50nM-5hrs-ZSD0
20181005_R01_001-Scene-03-P13-A01_seg_0_cid_25,20181005_R01_001.czi,2,25,hiPSC-H2B-TSA-50nM-5hrs-ZSD0
20181005_R01_001-Scene-03-P13-A01_seg_0_cid_14,20181005_R01_001.czi,2,14,hiPSC-H2B-TSA-50nM-5hrs-ZSD0
20181005_R01_001-Scene-03-P13-A01_seg_0_cid_13,20181005_R01_001.czi,2,13,hiPSC-H2B-TSA-50nM-5hrs-ZSD0
20181005_R01_001-Scene-03-P13-A01_seg_0_cid_16,20181005_R01_001.czi,2,16,hiPSC-H2B-TSA-50nM-5hrs-ZSD0
20181005_R01_001-Scene-03-P13-A01_seg_0_cid_3,20181005_R01_001.czi,2,3,hiPSC-H2B-TSA-50nM-5hrs-ZSD0
20181005_R01_001-Scene-03-P13-A01_seg_0_cid_17,20181005_R01_001.czi,2,17,hiPSC-H2B-TSA-50nM-5hrs-ZSD0
20181005_R01_001-Scene-03-P13-A01_seg_0_cid_5,20181005_R01_001.czi,2,5,hiPSC-H2B-TSA-50nM-5hrs-ZSD0
20181005_R01_001-Scene-03-P13-A01_seg_0_cid_22,20181005_R01_001.czi,2,22,hiPSC-H2B-TSA-50nM-5hrs-ZSD0
20181005_R01_001-Scene-03-P13-A01_seg_0_cid_21,20181005_R01_001.czi,2,21,hiPSC-H2B-TSA-50nM-5hrs-ZSD0
20181005_R01_001-Scene-03-P13-A01_seg_0_cid_18,20181005_R01_001.czi,2,18,hiPSC-H2B-TSA-50nM-5hrs-ZSD0
20181005_R01_001-Scene-03-P13-A01_seg_0_cid_2,20181005_R01_001.czi,2,2,hiPSC-H2B-TSA-50nM-5hrs-ZSD0
20181005_R01_001-Scene-03-P13-A01_seg_0_cid_4,20181005_R01_001.czi,2,4,hiPSC-H2B-TSA-50nM-5hrs-ZSD0
20181005_R01_001-Scene-04-P12-A01_seg_0_cid_237,20181005_R01_001.czi,3,237,hiPSC-H2B-TSA-50nM-5hrs-ZSD0
20181005_R01_001-Scene-04-P12-A01_seg_0_cid_238,20181005_R01_001.czi,3,238,hiPSC-H2B-TSA-50nM-5hrs-ZSD0
20181005_R01_001-Scene-04-P12-A01_seg_0_cid_1,20181005_R01_001.czi,3,1,hiPSC-H2B-TSA-50nM-5hrs-ZSD0
20181005_R01_001-Scene-04-P12-A01_seg_0_cid_241,20181005_R01_001.czi,3,241,hiPSC-H2B-TSA-50nM-5hrs-ZSD0
20181005_R01_001-Scene-04-P12-A01_seg_0_cid_242,20181005_R01_001.czi,3,242,hiPSC-H2B-TSA-50nM-5hrs-ZSD0
20181005_R01_001-Scene-04-P12-A01_seg_0_cid_243,20181005_R01_001.czi,3,243,hiPSC-H2B-TSA-50nM-5hrs-ZSD0
20181005_R01_001-Scene-04-P12-A01_seg_0_cid_244,20181005_R01_001.czi,3,244,hiPSC-H2B-TSA-50nM-5hrs-ZSD0
20181005_R01_001-Scene-04-P12-A01_seg_0_cid_245,20181005_R01_001.czi,3,245,hiPSC-H2B-TSA-50nM-5hrs-ZSD0
20181005_R01_001-Scene-04-P12-A01_seg_0_cid_246,20181005_R01_001.czi,3,246,hiPSC-H2B-TSA-50nM-5hrs-ZSD0
20181005_R01_001-Scene-05-P16-A01_seg_0_cid_89,20181005_R01_001.czi,4,89,hiPSC-H2B-TSA-50nM-5hrs-ZSD0
20181005_R01_001-Scene-05-P16-A01_seg_0_cid_92,20181005_R01_001.czi,4,92,hiPSC-H2B-TSA-50nM-5hrs-ZSD0
20181005_R01_001-Scene-05-P16-A01_seg_0_cid_90,20181005_R01_001.czi,4,90,hiPSC-H2B-TSA-50nM-5hrs-ZSD0
20181005_R01_001-Scene-05-P16-A01_seg_0_cid_104,20181005_R01_001.czi,4,104,hiPSC-H2B-TSA-50nM-5hrs-ZSD0
20181005_R01_001-Scene-05-P16-A01_seg_0_cid_94,20181005_R01_001.czi,4,94,hiPSC-H2B-TSA-50nM-5hrs-ZSD0
20181005_R01_001-Scene-05-P16-A01_seg_0_cid_88,20181005_R01_001.czi,4,88,hiPSC-H2B-TSA-50nM-5hrs-ZSD0
20181005_R01_001-Scene-05-P16-A01_seg_0_cid_91,20181005_R01_001.czi,4,91,hiPSC-H2B-TSA-50nM-5hrs-ZSD0
20181005_R01_001-Scene-05-P16-A01_seg_0_cid_107,20181005_R01_001.czi,4,107,hiPSC-H2B-TSA-50nM-5hrs-ZSD0
20181005_R01_001-Scene-05-P16-A01_seg_0_cid_95,20181005_R01_001.czi,4,95,hiPSC-H2B-TSA-50nM-5hrs-ZSD0
20181005_R01_001-Scene-05-P16-A01_seg_0_cid_96,20181005_R01_001.czi,4,96,hiPSC-H2B-TSA-50nM-5hrs-ZSD0
20181005_R01_001-Scene-05-P16-A01_seg_0_cid_102,20181005_R01_001.czi,4,102,hiPSC-H2B-TSA-50nM-5hrs-ZSD0
20181005_R01_001-Scene-06-P1-A01_seg_0_cid_25,20181005_R01_001.czi,5,25,hiPSC-H2B-TSA-50nM-5hrs-ZSD0
20181005_R01_001-Scene-06-P1-A01_seg_0_cid_24,20181005_R01_001.czi,5,24,hiPSC-H2B-TSA-50nM-5hrs-ZSD0
20181005_R01_001-Scene-06-P1-A01_seg_0_cid_7,20181005_R01_001.czi,5,7,hiPSC-H2B-TSA-50nM-5hrs-ZSD0
20181005_R01_001-Scene-06-P1-A01_seg_0_cid_5,20181005_R01_001.czi,5,5,hiPSC-H2B-TSA-50nM-5hrs-ZSD0
20181005_R01_001-Scene-06-P1-A01_seg_0_cid_3,20181005_R01_001.czi,5,3,hiPSC-H2B-TSA-50nM-5hrs-ZSD0
20181005_R01_001-Scene-06-P1-A01_seg_0_cid_1,20181005_R01_001.czi,5,1,hiPSC-H2B-TSA-50nM-5hrs-ZSD0
20181005_R01_001-Scene-06-P1-A01_seg_0_cid_4,20181005_R01_001.czi,5,4,hiPSC-H2B-TSA-50nM-5hrs-ZSD0
20181005_R01_001-Scene-06-P1-A01_seg_0_cid_2,20181005_R01_001.czi,5,2,hiPSC-H2B-TSA-50nM-5hrs-ZSD0
20181005_R01_001-Scene-06-P1-A01_seg_0_cid_15,20181005_R01_001.czi,5,15,hiPSC-H2B-TSA-50nM-5hrs-ZSD0
20181005_R01_001-Scene-06-P1-A01_seg_0_cid_16,20181005_R01_001.czi,5,16,hiPSC-H2B-TSA-50nM-5hrs-ZSD0
20181005_R01_001-Scene-06-P1-A01_seg_0_cid_6,20181005_R01_001.czi,5,6,hiPSC-H2B-TSA-50nM-5hrs-ZSD0
20181005_R01_001-Scene-06-P1-A01_seg_0_cid_17,20181005_R01_001.czi,5,17,hiPSC-H2B-TSA-50nM-5hrs-ZSD0
20181005_R01_001-Scene-06-P1-A01_seg_0_cid_8,20181005_R01_001.czi,5,8,hiPSC-H2B-TSA-50nM-5hrs-ZSD0
20181005_R01_001-Scene-06-P1-A01_seg_0_cid_9,20181005_R01_001.czi,5,9,hiPSC-H2B-TSA-50nM-5hrs-ZSD0
20181005_R01_001-Scene-06-P1-A01_seg_0_cid_21,20181005_R01_001.czi,5,21,hiPSC-H2B-TSA-50nM-5hrs-ZSD0
20181005_R01_001-Scene-06-P1-A01_seg_0_cid_18,20181005_R01_001.czi,5,18,hiPSC-H2B-TSA-50nM-5hrs-ZSD0
20181005_R01_001-Scene-06-P1-A01_seg_0_cid_10,20181005_R01_001.czi,5,10,hiPSC-H2B-TSA-50nM-5hrs-ZSD0
20181005_R01_001-Scene-07-P11_seg_0_cid_21,20181005_R01_001.czi,6,21,hiPSC-H2B-TSA-50nM-5hrs-ZSD0
20181005_R01_001-Scene-07-P11_seg_0_cid_31,20181005_R01_001.czi,6,31,hiPSC-H2B-TSA-50nM-5hrs-ZSD0
20181005_R01_001-Scene-07-P11_seg_0_cid_7,20181005_R01_001.czi,6,7,hiPSC-H2B-TSA-50nM-5hrs-ZSD0
20181005_R01_001-Scene-07-P11_seg_0_cid_9,20181005_R01_001.czi,6,9,hiPSC-H2B-TSA-50nM-5hrs-ZSD0
20181005_R01_001-Scene-07-P11_seg_0_cid_8,20181005_R01_001.czi,6,8,hiPSC-H2B-TSA-50nM-5hrs-ZSD0
20181005_R01_001-Scene-07-P11_seg_0_cid_13,20181005_R01_001.czi,6,13,hiPSC-H2B-TSA-50nM-5hrs-ZSD0
20181005_R01_001-Scene-07-P11_seg_0_cid_11,20181005_R01_001.czi,6,11,hiPSC-H2B-TSA-50nM-5hrs-ZSD0
20181005_R01_001-Scene-07-P11_seg_0_cid_12,20181005_R01_001.czi,6,12,hiPSC-H2B-TSA-50nM-5hrs-ZSD0
20181005_R01_001-Scene-07-P11_seg_0_cid_16,20181005_R01_001.czi,6,16,hiPSC-H2B-TSA-50nM-5hrs-ZSD0
20181005_R01_001-Scene-07-P11_seg_0_cid_1,20181005_R01_001.czi,6,1,hiPSC-H2B-TSA-50nM-5hrs-ZSD0
20181005_R01_001-Scene-07-P11_seg_0_cid_19,20181005_R01_001.czi,6,19,hiPSC-H2B-TSA-50nM-5hrs-ZSD0
20181005_R01_001-Scene-07-P11_seg_0_cid_18,20181005_R01_001.czi,6,18,hiPSC-H2B-TSA-50nM-5hrs-ZSD0
20181005_R01_001-Scene-07-P11_seg_0_cid_15,20181005_R01_001.czi,6,15,hiPSC-H2B-TSA-50nM-5hrs-ZSD0
20181005_R01_001-Scene-07-P11_seg_0_cid_14,20181005_R01_001.czi,6,14,hiPSC-H2B-TSA-50nM-5hrs-ZSD0
20181005_R01_001-Scene-07-P11_seg_0_cid_22,20181005_R01_001.czi,6,22,hiPSC-H2B-TSA-50nM-5hrs-ZSD0
20181005_R01_001-Scene-08-P10_seg_0_cid_2,20181005_R01_001.czi,7,2,hiPSC-H2B-TSA-50nM-5hrs-ZSD0
20181005_R01_001-Scene-08-P10_seg_0_cid_5,20181005_R01_001.czi,7,5,hiPSC-H2B-TSA-50nM-5hrs-ZSD0
20181005_R01_001-Scene-08-P10_seg_0_cid_19,20181005_R01_001.czi,7,19,hiPSC-H2B-TSA-50nM-5hrs-ZSD0
20181005_R01_001-Scene-08-P10_seg_0_cid_3,20181005_R01_001.czi,7,3,hiPSC-H2B-TSA-50nM-5hrs-ZSD0
20181005_R01_001-Scene-08-P10_seg_0_cid_4,20181005_R01_001.czi,7,4,hiPSC-H2B-TSA-50nM-5hrs-ZSD0
20181005_R01_001-Scene-08-P10_seg_0_cid_6,20181005_R01_001.czi,7,6,hiPSC-H2B-TSA-50nM-5hrs-ZSD0
20181005_R01_001-Scene-08-P10_seg_0_cid_17,20181005_R01_001.czi,7,17,hiPSC-H2B-TSA-50nM-5hrs-ZSD0
20181005_R01_001-Scene-08-P10_seg_0_cid_9,20181005_R01_001.czi,7,9,hiPSC-H2B-TSA-50nM-5hrs-ZSD0
20181005_R01_001-Scene-09-P9_seg_0_cid_8,20181005_R01_001.czi,8,8,hiPSC-H2B-TSA-50nM-5hrs-ZSD0
20181005_R01_001-Scene-09-P9_seg_0_cid_12,20181005_R01_001.czi,8,12,hiPSC-H2B-TSA-50nM-5hrs-ZSD0
20181005_R01_001-Scene-09-P9_seg_0_cid_2,20181005_R01_001.czi,8,2,hiPSC-H2B-TSA-50nM-5hrs-ZSD0
20181005_R01_001-Scene-09-P9_seg_0_cid_3,20181005_R01_001.czi,8,3,hiPSC-H2B-TSA-50nM-5hrs-ZSD0
20181005_R01_001-Scene-10-P2_seg_0_cid_22,20181005_R01_001.czi,9,22,hiPSC-H2B-TSA-50nM-5hrs-ZSD0
20181005_R01_001-Scene-10-P2_seg_0_cid_5,20181005_R01_001.czi,9,5,hiPSC-H2B-TSA-50nM-5hrs-ZSD0
20181005_R01_001-Scene-10-P2_seg_0_cid_4,20181005_R01_001.czi,9,4,hiPSC-H2B-TSA-50nM-5hrs-ZSD0
20181005_R01_001-Scene-10-P2_seg_0_cid_6,20181005_R01_001.czi,9,6,hiPSC-H2B-TSA-50nM-5hrs-ZSD0
20181005_R01_001-Scene-10-P2_seg_0_cid_10,20181005_R01_001.czi,9,10,hiPSC-H2B-TSA-50nM-5hrs-ZSD0
20181005_R01_001-Scene-10-P2_seg_0_cid_7,20181005_R01_001.czi,9,7,hiPSC-H2B-TSA-50nM-5hrs-ZSD0
20181005_R01_001-Scene-10-P2_seg_0_cid_9,20181005_R01_001.czi,9,9,hiPSC-H2B-TSA-50nM-5hrs-ZSD0
20181005_R01_001-Scene-10-P2_seg_0_cid_12,20181005_R01_001.czi,9,12,hiPSC-H2B-TSA-50nM-5hrs-ZSD0
20181005_R01_001-Scene-10-P2_seg_0_cid_11,20181005_R01_001.czi,9,11,hiPSC-H2B-TSA-50nM-5hrs-ZSD0
20181005_R01_001-Scene-11-P3_seg_0_cid_12,20181005_R01_001.czi,10,12,hiPSC-H2B-TSA-50nM-5hrs-ZSD0
20181005_R01_001-Scene-11-P3_seg_0_cid_13,20181005_R01_001.czi,10,13,hiPSC-H2B-TSA-50nM-5hrs-ZSD0
20181005_R01_001-Scene-11-P3_seg_0_cid_16,20181005_R01_001.czi,10,16,hiPSC-H2B-TSA-50nM-5hrs-ZSD0
20181005_R01_001-Scene-11-P3_seg_0_cid_26,20181005_R01_001.czi,10,26,hiPSC-H2B-TSA-50nM-5hrs-ZSD0
20181005_R01_001-Scene-11-P3_seg_0_cid_3,20181005_R01_001.czi,10,3,hiPSC-H2B-TSA-50nM-5hrs-ZSD0
20181005_R01_001-Scene-11-P3_seg_0_cid_21,20181005_R01_001.czi,10,21,hiPSC-H2B-TSA-50nM-5hrs-ZSD0
20181005_R01_001-Scene-11-P3_seg_0_cid_17,20181005_R01_001.czi,10,17,hiPSC-H2B-TSA-50nM-5hrs-ZSD0
20181005_R01_001-Scene-11-P3_seg_0_cid_5,20181005_R01_001.czi,10,5,hiPSC-H2B-TSA-50nM-5hrs-ZSD0
20181005_R01_001-Scene-11-P3_seg_0_cid_7,20181005_R01_001.czi,10,7,hiPSC-H2B-TSA-50nM-5hrs-ZSD0
20181005_R01_001-Scene-12-P4_seg_0_cid_10,20181005_R01_001.czi,11,10,hiPSC-H2B-TSA-50nM-5hrs-ZSD0
20181005_R01_001-Scene-12-P4_seg_0_cid_1,20181005_R01_001.czi,11,1,hiPSC-H2B-TSA-50nM-5hrs-ZSD0
20181005_R01_001-Scene-12-P4_seg_0_cid_11,20181005_R01_001.czi,11,11,hiPSC-H2B-TSA-50nM-5hrs-ZSD0
20181005_R01_001-Scene-12-P4_seg_0_cid_2,20181005_R01_001.czi,11,2,hiPSC-H2B-TSA-50nM-5hrs-ZSD0
20181005_R01_001-Scene-12-P4_seg_0_cid_15,20181005_R01_001.czi,11,15,hiPSC-H2B-TSA-50nM-5hrs-ZSD0
20181005_R01_001-Scene-12-P4_seg_0_cid_14,20181005_R01_001.czi,11,14,hiPSC-H2B-TSA-50nM-5hrs-ZSD0
20181005_R01_001-Scene-12-P4_seg_0_cid_13,20181005_R01_001.czi,11,13,hiPSC-H2B-TSA-50nM-5hrs-ZSD0
20181005_R01_001-Scene-12-P4_seg_0_cid_18,20181005_R01_001.czi,11,18,hiPSC-H2B-TSA-50nM-5hrs-ZSD0
20181005_R01_001-Scene-12-P4_seg_0_cid_3,20181005_R01_001.czi,11,3,hiPSC-H2B-TSA-50nM-5hrs-ZSD0
20181005_R01_001-Scene-12-P4_seg_0_cid_17,20181005_R01_001.czi,11,17,hiPSC-H2B-TSA-50nM-5hrs-ZSD0
20181005_R01_001-Scene-12-P4_seg_0_cid_4,20181005_R01_001.czi,11,4,hiPSC-H2B-TSA-50nM-5hrs-ZSD0
20181005_R01_001-Scene-12-P4_seg_0_cid_5,20181005_R01_001.czi,11,5,hiPSC-H2B-TSA-50nM-5hrs-ZSD0
20181005_R01_001-Scene-12-P4_seg_0_cid_19,20181005_R01_001.czi,11,19,hiPSC-H2B-TSA-50nM-5hrs-ZSD0
20181005_R01_001-Scene-13-P8_seg_0_cid_11,20181005_R01_001.czi,12,11,hiPSC-H2B-TSA-50nM-5hrs-ZSD0
20181005_R01_001-Scene-13-P8_seg_0_cid_1,20181005_R01_001.czi,12,1,hiPSC-H2B-TSA-50nM-5hrs-ZSD0
20181005_R01_001-Scene-13-P8_seg_0_cid_15,20181005_R01_001.czi,12,15,hiPSC-H2B-TSA-50nM-5hrs-ZSD0
20181005_R01_001-Scene-13-P8_seg_0_cid_16,20181005_R01_001.czi,12,16,hiPSC-H2B-TSA-50nM-5hrs-ZSD0
20181005_R01_001-Scene-13-P8_seg_0_cid_9,20181005_R01_001.czi,12,9,hiPSC-H2B-TSA-50nM-5hrs-ZSD0
20181005_R01_001-Scene-13-P8_seg_0_cid_12,20181005_R01_001.czi,12,12,hiPSC-H2B-TSA-50nM-5hrs-ZSD0
20181005_R01_001-Scene-13-P8_seg_0_cid_17,20181005_R01_001.czi,12,17,hiPSC-H2B-TSA-50nM-5hrs-ZSD0
20181005_R01_001-Scene-13-P8_seg_0_cid_3,20181005_R01_001.czi,12,3,hiPSC-H2B-TSA-50nM-5hrs-ZSD0
20181005_R01_001-Scene-13-P8_seg_0_cid_4,20181005_R01_001.czi,12,4,hiPSC-H2B-TSA-50nM-5hrs-ZSD0
20181005_R01_001-Scene-14-P7_seg_0_cid_120,20181005_R01_001.czi,13,120,hiPSC-H2B-TSA-50nM-5hrs-ZSD0
20181005_R01_001-Scene-14-P7_seg_0_cid_118,20181005_R01_001.czi,13,118,hiPSC-H2B-TSA-50nM-5hrs-ZSD0
20181005_R01_001-Scene-14-P7_seg_0_cid_116,20181005_R01_001.czi,13,116,hiPSC-H2B-TSA-50nM-5hrs-ZSD0
20181005_R01_001-Scene-14-P7_seg_0_cid_122,20181005_R01_001.czi,13,122,hiPSC-H2B-TSA-50nM-5hrs-ZSD0
20181005_R01_001-Scene-14-P7_seg_0_cid_117,20181005_R01_001.czi,13,117,hiPSC-H2B-TSA-50nM-5hrs-ZSD0
20181005_R01_001-Scene-14-P7_seg_0_cid_129,20181005_R01_001.czi,13,129,hiPSC-H2B-TSA-50nM-5hrs-ZSD0
20181005_R01_001-Scene-14-P7_seg_0_cid_121,20181005_R01_001.czi,13,121,hiPSC-H2B-TSA-50nM-5hrs-ZSD0
20181005_R01_001-Scene-14-P7_seg_0_cid_123,20181005_R01_001.czi,13,123,hiPSC-H2B-TSA-50nM-5hrs-ZSD0
20181005_R01_001-Scene-14-P7_seg_0_cid_115,20181005_R01_001.czi,13,115,hiPSC-H2B-TSA-50nM-5hrs-ZSD0
20181005_R01_001-Scene-14-P7_seg_0_cid_124,20181005_R01_001.czi,13,124,hiPSC-H2B-TSA-50nM-5hrs-ZSD0
20181005_R01_001-Scene-14-P7_seg_0_cid_125,20181005_R01_001.czi,13,125,hiPSC-H2B-TSA-50nM-5hrs-ZSD0
20181005_R01_001-Scene-15-P5_seg_0_cid_12,20181005_R01_001.czi,14,12,hiPSC-H2B-TSA-50nM-5hrs-ZSD0
20181005_R01_001-Scene-15-P5_seg_0_cid_14,20181005_R01_001.czi,14,14,hiPSC-H2B-TSA-50nM-5hrs-ZSD0
20181005_R01_001-Scene-15-P5_seg_0_cid_25,20181005_R01_001.czi,14,25,hiPSC-H2B-TSA-50nM-5hrs-ZSD0
20181005_R01_001-Scene-15-P5_seg_0_cid_3,20181005_R01_001.czi,14,3,hiPSC-H2B-TSA-50nM-5hrs-ZSD0
20181005_R01_001-Scene-15-P5_seg_0_cid_4,20181005_R01_001.czi,14,4,hiPSC-H2B-TSA-50nM-5hrs-ZSD0
20181005_R01_001-Scene-15-P5_seg_0_cid_17,20181005_R01_001.czi,14,17,hiPSC-H2B-TSA-50nM-5hrs-ZSD0
20181005_R01_001-Scene-15-P5_seg_0_cid_15,20181005_R01_001.czi,14,15,hiPSC-H2B-TSA-50nM-5hrs-ZSD0
20181005_R01_001-Scene-15-P5_seg_0_cid_7,20181005_R01_001.czi,14,7,hiPSC-H2B-TSA-50nM-5hrs-ZSD0
20181005_R01_001-Scene-15-P5_seg_0_cid_8,20181005_R01_001.czi,14,8,hiPSC-H2B-TSA-50nM-5hrs-ZSD0
20181005_R01_001-Scene-15-P5_seg_0_cid_5,20181005_R01_001.czi,14,5,hiPSC-H2B-TSA-50nM-5hrs-ZSD0
20181005_R01_001-Scene-15-P5_seg_0_cid_6,20181005_R01_001.czi,14,6,hiPSC-H2B-TSA-50nM-5hrs-ZSD0
20181005_R01_001-Scene-15-P5_seg_0_cid_19,20181005_R01_001.czi,14,19,hiPSC-H2B-TSA-50nM-5hrs-ZSD0
20181005_R01_001-Scene-16-P6_seg_0_cid_26,20181005_R01_001.czi,15,26,hiPSC-H2B-TSA-50nM-5hrs-ZSD0
20181005_R01_001-Scene-16-P6_seg_0_cid_15,20181005_R01_001.czi,15,15,hiPSC-H2B-TSA-50nM-5hrs-ZSD0
20181005_R01_001-Scene-16-P6_seg_0_cid_16,20181005_R01_001.czi,15,16,hiPSC-H2B-TSA-50nM-5hrs-ZSD0
20181005_R01_001-Scene-16-P6_seg_0_cid_25,20181005_R01_001.czi,15,25,hiPSC-H2B-TSA-50nM-5hrs-ZSD0
20181005_R01_001-Scene-16-P6_seg_0_cid_18,20181005_R01_001.czi,15,18,hiPSC-H2B-TSA-50nM-5hrs-ZSD0
20181005_R01_001-Scene-16-P6_seg_0_cid_17,20181005_R01_001.czi,15,17,hiPSC-H2B-TSA-50nM-5hrs-ZSD0
20181005_R01_001-Scene-16-P6_seg_0_cid_21,20181005_R01_001.czi,15,21,hiPSC-H2B-TSA-50nM-5hrs-ZSD0
20181005_R01_001-Scene-16-P6_seg_0_cid_30,20181005_R01_001.czi,15,30,hiPSC-H2B-TSA-50nM-5hrs-ZSD0
20181005_R01_001-Scene-16-P6_seg_0_cid_20,20181005_R01_001.czi,15,20,hiPSC-H2B-TSA-50nM-5hrs-ZSD0
20181005_R01_001-Scene-16-P6_seg_0_cid_27,20181005_R01_001.czi,15,27,hiPSC-H2B-TSA-50nM-5hrs-ZSD0
20181005_R01_001-Scene-17-P25_seg_0_cid_239,20181005_R01_001.czi,16,239,hiPSC-H2B-TSA-50nM-5hrs-ZSD0
20181005_R01_001-Scene-17-P25_seg_0_cid_238,20181005_R01_001.czi,16,238,hiPSC-H2B-TSA-50nM-5hrs-ZSD0
20181005_R01_001-Scene-17-P25_seg_0_cid_240,20181005_R01_001.czi,16,240,hiPSC-H2B-TSA-50nM-5hrs-ZSD0
20181005_R01_001-Scene-17-P25_seg_0_cid_228,20181005_R01_001.czi,16,228,hiPSC-H2B-TSA-50nM-5hrs-ZSD0
20181005_R01_001-Scene-17-P25_seg_0_cid_231,20181005_R01_001.czi,16,231,hiPSC-H2B-TSA-50nM-5hrs-ZSD0
20181005_R01_001-Scene-17-P25_seg_0_cid_232,20181005_R01_001.czi,16,232,hiPSC-H2B-TSA-50nM-5hrs-ZSD0
20181005_R01_001-Scene-17-P25_seg_0_cid_229,20181005_R01_001.czi,16,229,hiPSC-H2B-TSA-50nM-5hrs-ZSD0
20181005_R01_001-Scene-18-P24_seg_0_cid_23,20181005_R01_001.czi,17,23,hiPSC-H2B-TSA-50nM-5hrs-ZSD0
20181005_R01_001-Scene-18-P24_seg_0_cid_24,20181005_R01_001.czi,17,24,hiPSC-H2B-TSA-50nM-5hrs-ZSD0
20181005_R01_001-Scene-18-P24_seg_0_cid_25,20181005_R01_001.czi,17,25,hiPSC-H2B-TSA-50nM-5hrs-ZSD0
20181005_R01_001-Scene-18-P24_seg_0_cid_27,20181005_R01_001.czi,17,27,hiPSC-H2B-TSA-50nM-5hrs-ZSD0
20181005_R01_001-Scene-18-P24_seg_0_cid_30,20181005_R01_001.czi,17,30,hiPSC-H2B-TSA-50nM-5hrs-ZSD0
20181005_R01_001-Scene-18-P24_seg_0_cid_32,20181005_R01_001.czi,17,32,hiPSC-H2B-TSA-50nM-5hrs-ZSD0
20181005_R01_001-Scene-18-P24_seg_0_cid_33,20181005_R01_001.czi,17,33,hiPSC-H2B-TSA-50nM-5hrs-ZSD0
20181005_R01_001-Scene-18-P24_seg_0_cid_29,20181005_R01_001.czi,17,29,hiPSC-H2B-TSA-50nM-5hrs-ZSD0
20181005_R01_001-Scene-18-P24_seg_0_cid_28,20181005_R01_001.czi,17,28,hiPSC-H2B-TSA-50nM-5hrs-ZSD0
20181005_R01_001-Scene-19-P17-B01_seg_0_cid_28,20181005_R01_001.czi,18,28,hiPSC-H2B-TSA-50nM-5hrs-ZSD0
20181005_R01_001-Scene-19-P17-B01_seg_0_cid_10,20181005_R01_001.czi,18,10,hiPSC-H2B-TSA-50nM-5hrs-ZSD0
20181005_R01_001-Scene-19-P17-B01_seg_0_cid_3,20181005_R01_001.czi,18,3,hiPSC-H2B-TSA-50nM-5hrs-ZSD0
20181005_R01_001-Scene-19-P17-B01_seg_0_cid_6,20181005_R01_001.czi,18,6,hiPSC-H2B-TSA-50nM-5hrs-ZSD0
20181005_R01_001-Scene-19-P17-B01_seg_0_cid_4,20181005_R01_001.czi,18,4,hiPSC-H2B-TSA-50nM-5hrs-ZSD0
20181005_R01_001-Scene-19-P17-B01_seg_0_cid_9,20181005_R01_001.czi,18,9,hiPSC-H2B-TSA-50nM-5hrs-ZSD0
20181005_R01_001-Scene-20-P22-B01_seg_0_cid_2,20181005_R01_001.czi,19,2,hiPSC-H2B-TSA-50nM-5hrs-ZSD0
20181005_R01_001-Scene-20-P22-B01_seg_0_cid_15,20181005_R01_001.czi,19,15,hiPSC-H2B-TSA-50nM-5hrs-ZSD0
20181005_R01_001-Scene-20-P22-B01_seg_0_cid_7,20181005_R01_001.czi,19,7,hiPSC-H2B-TSA-50nM-5hrs-ZSD0
20181005_R01_001-Scene-20-P22-B01_seg_0_cid_3,20181005_R01_001.czi,19,3,hiPSC-H2B-TSA-50nM-5hrs-ZSD0
20181005_R01_001-Scene-20-P22-B01_seg_0_cid_5,20181005_R01_001.czi,19,5,hiPSC-H2B-TSA-50nM-5hrs-ZSD0
20181005_R01_001-Scene-20-P22-B01_seg_0_cid_69,20181005_R01_001.czi,19,69,hiPSC-H2B-TSA-50nM-5hrs-ZSD0
20181005_R01_001-Scene-20-P22-B01_seg_0_cid_18,20181005_R01_001.czi,19,18,hiPSC-H2B-TSA-50nM-5hrs-ZSD0
20181005_R01_001-Scene-20-P22-B01_seg_0_cid_11,20181005_R01_001.czi,19,11,hiPSC-H2B-TSA-50nM-5hrs-ZSD0
20181005_R01_001-Scene-20-P22-B01_seg_0_cid_20,20181005_R01_001.czi,19,20,hiPSC-H2B-TSA-50nM-5hrs-ZSD0
20181005_R01_001-Scene-20-P22-B01_seg_0_cid_10,20181005_R01_001.czi,19,10,hiPSC-H2B-TSA-50nM-5hrs-ZSD0
20181005_R01_001-Scene-20-P22-B01_seg_0_cid_19,20181005_R01_001.czi,19,19,hiPSC-H2B-TSA-50nM-5hrs-ZSD0
20181005_R01_001-Scene-20-P22-B01_seg_0_cid_8,20181005_R01_001.czi,19,8,hiPSC-H2B-TSA-50nM-5hrs-ZSD0
20181005_R01_001-Scene-21-P19-B01_seg_0_cid_66,20181005_R01_001.czi,20,66,hiPSC-H2B-TSA-50nM-5hrs-ZSD0
20181005_R01_001-Scene-21-P19-B01_seg_0_cid_69,20181005_R01_001.czi,20,69,hiPSC-H2B-TSA-50nM-5hrs-ZSD0
20181005_R01_001-Scene-21-P19-B01_seg_0_cid_71,20181005_R01_001.czi,20,71,hiPSC-H2B-TSA-50nM-5hrs-ZSD0
20181005_R01_001-Scene-21-P19-B01_seg_0_cid_70,20181005_R01_001.czi,20,70,hiPSC-H2B-TSA-50nM-5hrs-ZSD0
20181005_R01_001-Scene-21-P19-B01_seg_0_cid_73,20181005_R01_001.czi,20,73,hiPSC-H2B-TSA-50nM-5hrs-ZSD0
20181005_R01_001-Scene-21-P19-B01_seg_0_cid_65,20181005_R01_001.czi,20,65,hiPSC-H2B-TSA-50nM-5hrs-ZSD0
20181005_R01_001-Scene-21-P19-B01_seg_0_cid_64,20181005_R01_001.czi,20,64,hiPSC-H2B-TSA-50nM-5hrs-ZSD0
20181005_R01_001-Scene-22-P20-B01_seg_0_cid_30,20181005_R01_001.czi,21,30,hiPSC-H2B-TSA-50nM-5hrs-ZSD0
20181005_R01_001-Scene-22-P20-B01_seg_0_cid_28,20181005_R01_001.czi,21,28,hiPSC-H2B-TSA-50nM-5hrs-ZSD0
20181005_R01_001-Scene-22-P20-B01_seg_0_cid_31,20181005_R01_001.czi,21,31,hiPSC-H2B-TSA-50nM-5hrs-ZSD0
20181005_R01_001-Scene-22-P20-B01_seg_0_cid_32,20181005_R01_001.czi,21,32,hiPSC-H2B-TSA-50nM-5hrs-ZSD0
20181005_R01_001-Scene-22-P20-B01_seg_0_cid_35,20181005_R01_001.czi,21,35,hiPSC-H2B-TSA-50nM-5hrs-ZSD0
20181005_R01_001-Scene-22-P20-B01_seg_0_cid_37,20181005_R01_001.czi,21,37,hiPSC-H2B-TSA-50nM-5hrs-ZSD0
20181005_R01_001-Scene-22-P20-B01_seg_0_cid_24,20181005_R01_001.czi,21,24,hiPSC-H2B-TSA-50nM-5hrs-ZSD0
20181005_R01_001-Scene-22-P20-B01_seg_0_cid_33,20181005_R01_001.czi,21,33,hiPSC-H2B-TSA-50nM-5hrs-ZSD0
20181005_R01_001-Scene-23-P21-B01_seg_0_cid_11,20181005_R01_001.czi,22,11,hiPSC-H2B-TSA-50nM-5hrs-ZSD0
20181005_R01_001-Scene-23-P21-B01_seg_0_cid_14,20181005_R01_001.czi,22,14,hiPSC-H2B-TSA-50nM-5hrs-ZSD0
20181005_R01_001-Scene-23-P21-B01_seg_0_cid_3,20181005_R01_001.czi,22,3,hiPSC-H2B-TSA-50nM-5hrs-ZSD0
20181005_R01_001-Scene-23-P21-B01_seg_0_cid_20,20181005_R01_001.czi,22,20,hiPSC-H2B-TSA-50nM-5hrs-ZSD0
20181005_R01_001-Scene-23-P21-B01_seg_0_cid_13,20181005_R01_001.czi,22,13,hiPSC-H2B-TSA-50nM-5hrs-ZSD0
20181005_R01_001-Scene-23-P21-B01_seg_0_cid_17,20181005_R01_001.czi,22,17,hiPSC-H2B-TSA-50nM-5hrs-ZSD0
20181005_R01_001-Scene-23-P21-B01_seg_0_cid_21,20181005_R01_001.czi,22,21,hiPSC-H2B-TSA-50nM-5hrs-ZSD0
20181005_R01_001-Scene-24-P26-B01_seg_0_cid_183,20181005_R01_001.czi,23,183,hiPSC-H2B-TSA-50nM-5hrs-ZSD0
20181005_R01_001-Scene-24-P26-B01_seg_0_cid_184,20181005_R01_001.czi,23,184,hiPSC-H2B-TSA-50nM-5hrs-ZSD0
20181005_R01_001-Scene-24-P26-B01_seg_0_cid_200,20181005_R01_001.czi,23,200,hiPSC-H2B-TSA-50nM-5hrs-ZSD0
20181005_R01_001-Scene-24-P26-B01_seg_0_cid_185,20181005_R01_001.czi,23,185,hiPSC-H2B-TSA-50nM-5hrs-ZSD0
20181005_R01_001-Scene-24-P26-B01_seg_0_cid_175,20181005_R01_001.czi,23,175,hiPSC-H2B-TSA-50nM-5hrs-ZSD0
20181005_R01_001-Scene-24-P26-B01_seg_0_cid_177,20181005_R01_001.czi,23,177,hiPSC-H2B-TSA-50nM-5hrs-ZSD0
20181005_R01_001-Scene-24-P26-B01_seg_0_cid_191,20181005_R01_001.czi,23,191,hiPSC-H2B-TSA-50nM-5hrs-ZSD0
20181005_R01_001-Scene-24-P26-B01_seg_0_cid_178,20181005_R01_001.czi,23,178,hiPSC-H2B-TSA-50nM-5hrs-ZSD0
20181005_R01_001-Scene-24-P26-B01_seg_0_cid_176,20181005_R01_001.czi,23,176,hiPSC-H2B-TSA-50nM-5hrs-ZSD0
20181005_R01_001-Scene-24-P26-B01_seg_0_cid_174,20181005_R01_001.czi,23,174,hiPSC-H2B-TSA-50nM-5hrs-ZSD0
20181005_R01_001-Scene-24-P26-B01_seg_0_cid_189,20181005_R01_001.czi,23,189,hiPSC-H2B-TSA-50nM-5hrs-ZSD0
20181005_R01_001-Scene-25-P29-B01_seg_0_cid_8,20181005_R01_001.czi,24,8,hiPSC-H2B-TSA-50nM-5hrs-ZSD0
20181005_R01_001-Scene-25-P29-B01_seg_0_cid_10,20181005_R01_001.czi,24,10,hiPSC-H2B-TSA-50nM-5hrs-ZSD0
20181005_R01_001-Scene-25-P29-B01_seg_0_cid_11,20181005_R01_001.czi,24,11,hiPSC-H2B-TSA-50nM-5hrs-ZSD0
20181005_R01_001-Scene-25-P29-B01_seg_0_cid_17,20181005_R01_001.czi,24,17,hiPSC-H2B-TSA-50nM-5hrs-ZSD0
20181005_R01_001-Scene-25-P29-B01_seg_0_cid_32,20181005_R01_001.czi,24,32,hiPSC-H2B-TSA-50nM-5hrs-ZSD0
20181005_R01_001-Scene-25-P29-B01_seg_0_cid_18,20181005_R01_001.czi,24,18,hiPSC-H2B-TSA-50nM-5hrs-ZSD0
20181005_R01_001-Scene-25-P29-B01_seg_0_cid_31,20181005_R01_001.czi,24,31,hiPSC-H2B-TSA-50nM-5hrs-ZSD0
20181005_R01_001-Scene-25-P29-B01_seg_0_cid_7,20181005_R01_001.czi,24,7,hiPSC-H2B-TSA-50nM-5hrs-ZSD0
20181005_R01_001-Scene-25-P29-B01_seg_0_cid_5,20181005_R01_001.czi,24,5,hiPSC-H2B-TSA-50nM-5hrs-ZSD0
20181005_R01_001-Scene-25-P29-B01_seg_0_cid_4,20181005_R01_001.czi,24,4,hiPSC-H2B-TSA-50nM-5hrs-ZSD0
20181005_R01_001-Scene-26-P30-B01_seg_0_cid_97,20181005_R01_001.czi,25,97,hiPSC-H2B-TSA-50nM-5hrs-ZSD0
20181005_R01_001-Scene-26-P30-B01_seg_0_cid_98,20181005_R01_001.czi,25,98,hiPSC-H2B-TSA-50nM-5hrs-ZSD0
20181005_R01_001-Scene-26-P30-B01_seg_0_cid_104,20181005_R01_001.czi,25,104,hiPSC-H2B-TSA-50nM-5hrs-ZSD0
20181005_R01_001-Scene-26-P30-B01_seg_0_cid_109,20181005_R01_001.czi,25,109,hiPSC-H2B-TSA-50nM-5hrs-ZSD0
20181005_R01_001-Scene-26-P30-B01_seg_0_cid_111,20181005_R01_001.czi,25,111,hiPSC-H2B-TSA-50nM-5hrs-ZSD0
20181005_R01_001-Scene-26-P30-B01_seg_0_cid_99,20181005_R01_001.czi,25,99,hiPSC-H2B-TSA-50nM-5hrs-ZSD0
20181005_R01_001-Scene-26-P30-B01_seg_0_cid_119,20181005_R01_001.czi,25,119,hiPSC-H2B-TSA-50nM-5hrs-ZSD0
20181005_R01_001-Scene-26-P30-B01_seg_0_cid_108,20181005_R01_001.czi,25,108,hiPSC-H2B-TSA-50nM-5hrs-ZSD0
20181005_R01_001-Scene-26-P30-B01_seg_0_cid_106,20181005_R01_001.czi,25,106,hiPSC-H2B-TSA-50nM-5hrs-ZSD0
20181005_R01_001-Scene-26-P30-B01_seg_0_cid_118,20181005_R01_001.czi,25,118,hiPSC-H2B-TSA-50nM-5hrs-ZSD0
20181005_R01_002-Scene-01-P36-B01_seg_0_cid_140,20181005_R01_002.czi,0,140,hiPSC-H2B-TSA-50nM-5hrs-ZSD0
20181005_R01_002-Scene-01-P36-B01_seg_0_cid_137,20181005_R01_002.czi,0,137,hiPSC-H2B-TSA-50nM-5hrs-ZSD0
20181005_R01_002-Scene-01-P36-B01_seg_0_cid_146,20181005_R01_002.czi,0,146,hiPSC-H2B-TSA-50nM-5hrs-ZSD0
20181005_R01_002-Scene-01-P36-B01_seg_0_cid_144,20181005_R01_002.czi,0,144,hiPSC-H2B-TSA-50nM-5hrs-ZSD0
20181005_R01_002-Scene-01-P36-B01_seg_0_cid_145,20181005_R01_002.czi,0,145,hiPSC-H2B-TSA-50nM-5hrs-ZSD0
20181005_R01_002-Scene-02-P31-B01_seg_0_cid_1,20181005_R01_002.czi,1,1,hiPSC-H2B-TSA-50nM-5hrs-ZSD0
20181005_R01_002-Scene-02-P31-B01_seg_0_cid_16,20181005_R01_002.czi,1,16,hiPSC-H2B-TSA-50nM-5hrs-ZSD0
20181005_R01_002-Scene-02-P31-B01_seg_0_cid_4,20181005_R01_002.czi,1,4,hiPSC-H2B-TSA-50nM-5hrs-ZSD0
20181005_R01_002-Scene-02-P31-B01_seg_0_cid_6,20181005_R01_002.czi,1,6,hiPSC-H2B-TSA-50nM-5hrs-ZSD0
20181005_R01_002-Scene-02-P31-B01_seg_0_cid_7,20181005_R01_002.czi,1,7,hiPSC-H2B-TSA-50nM-5hrs-ZSD0
20181005_R01_002-Scene-02-P31-B01_seg_0_cid_8,20181005_R01_002.czi,1,8,hiPSC-H2B-TSA-50nM-5hrs-ZSD0
20181005_R01_002-Scene-02-P31-B01_seg_0_cid_19,20181005_R01_002.czi,1,19,hiPSC-H2B-TSA-50nM-5hrs-ZSD0
20181005_R01_002-Scene-02-P31-B01_seg_0_cid_9,20181005_R01_002.czi,1,9,hiPSC-H2B-TSA-50nM-5hrs-ZSD0
20181005_R01_002-Scene-02-P31-B01_seg_0_cid_10,20181005_R01_002.czi,1,10,hiPSC-H2B-TSA-50nM-5hrs-ZSD0
20181005_R01_002-Scene-02-P31-B01_seg_0_cid_20,20181005_R01_002.czi,1,20,hiPSC-H2B-TSA-50nM-5hrs-ZSD0
20181005_R01_002-Scene-03-P60-B02_seg_0_cid_176,20181005_R01_002.czi,2,176,hiPSC-H2B-TSA-50nM-5hrs-ZSD0
20181005_R01_002-Scene-03-P60-B02_seg_0_cid_181,20181005_R01_002.czi,2,181,hiPSC-H2B-TSA-50nM-5hrs-ZSD0
20181005_R01_002-Scene-03-P60-B02_seg_0_cid_178,20181005_R01_002.czi,2,178,hiPSC-H2B-TSA-50nM-5hrs-ZSD0
20181005_R01_002-Scene-03-P60-B02_seg_0_cid_177,20181005_R01_002.czi,2,177,hiPSC-H2B-TSA-50nM-5hrs-ZSD0
20181005_R01_002-Scene-03-P60-B02_seg_0_cid_174,20181005_R01_002.czi,2,174,hiPSC-H2B-TSA-50nM-5hrs-ZSD0
20181005_R01_002-Scene-03-P60-B02_seg_0_cid_170,20181005_R01_002.czi,2,170,hiPSC-H2B-TSA-50nM-5hrs-ZSD0
20181005_R01_002-Scene-03-P60-B02_seg_0_cid_173,20181005_R01_002.czi,2,173,hiPSC-H2B-TSA-50nM-5hrs-ZSD0
20181005_R01_002-Scene-03-P60-B02_seg_0_cid_180,20181005_R01_002.czi,2,180,hiPSC-H2B-TSA-50nM-5hrs-ZSD0
20181005_R01_002-Scene-03-P60-B02_seg_0_cid_186,20181005_R01_002.czi,2,186,hiPSC-H2B-TSA-50nM-5hrs-ZSD0
20181005_R01_002-Scene-03-P60-B02_seg_0_cid_187,20181005_R01_002.czi,2,187,hiPSC-H2B-TSA-50nM-5hrs-ZSD0
20181005_R01_002-Scene-03-P60-B02_seg_0_cid_188,20181005_R01_002.czi,2,188,hiPSC-H2B-TSA-50nM-5hrs-ZSD0
20181005_R01_002-Scene-03-P60-B02_seg_0_cid_179,20181005_R01_002.czi,2,179,hiPSC-H2B-TSA-50nM-5hrs-ZSD0
20181005_R01_002-Scene-03-P60-B02_seg_0_cid_171,20181005_R01_002.czi,2,171,hiPSC-H2B-TSA-50nM-5hrs-ZSD0
20181005_R01_002-Scene-04-P34_seg_0_cid_115,20181005_R01_002.czi,3,115,hiPSC-H2B-TSA-50nM-5hrs-ZSD0
20181005_R01_002-Scene-04-P34_seg_0_cid_118,20181005_R01_002.czi,3,118,hiPSC-H2B-TSA-50nM-5hrs-ZSD0
20181005_R01_002-Scene-04-P34_seg_0_cid_123,20181005_R01_002.czi,3,123,hiPSC-H2B-TSA-50nM-5hrs-ZSD0
20181005_R01_002-Scene-04-P34_seg_0_cid_117,20181005_R01_002.czi,3,117,hiPSC-H2B-TSA-50nM-5hrs-ZSD0
20181005_R01_002-Scene-04-P34_seg_0_cid_122,20181005_R01_002.czi,3,122,hiPSC-H2B-TSA-50nM-5hrs-ZSD0
20181005_R01_002-Scene-04-P34_seg_0_cid_134,20181005_R01_002.czi,3,134,hiPSC-H2B-TSA-50nM-5hrs-ZSD0
20181005_R01_002-Scene-04-P34_seg_0_cid_116,20181005_R01_002.czi,3,116,hiPSC-H2B-TSA-50nM-5hrs-ZSD0
20181005_R01_002-Scene-04-P34_seg_0_cid_119,20181005_R01_002.czi,3,119,hiPSC-H2B-TSA-50nM-5hrs-ZSD0
20181005_R01_002-Scene-04-P34_seg_0_cid_121,20181005_R01_002.czi,3,121,hiPSC-H2B-TSA-50nM-5hrs-ZSD0
20181005_R01_002-Scene-04-P34_seg_0_cid_126,20181005_R01_002.czi,3,126,hiPSC-H2B-TSA-50nM-5hrs-ZSD0
20181005_R01_002-Scene-04-P34_seg_0_cid_128,20181005_R01_002.czi,3,128,hiPSC-H2B-TSA-50nM-5hrs-ZSD0
20181005_R01_002-Scene-05-P32_seg_0_cid_90,20181005_R01_002.czi,4,90,hiPSC-H2B-TSA-50nM-5hrs-ZSD0
20181005_R01_002-Scene-05-P32_seg_0_cid_75,20181005_R01_002.czi,4,75,hiPSC-H2B-TSA-50nM-5hrs-ZSD0
20181005_R01_002-Scene-05-P32_seg_0_cid_78,20181005_R01_002.czi,4,78,hiPSC-H2B-TSA-50nM-5hrs-ZSD0
20181005_R01_002-Scene-05-P32_seg_0_cid_77,20181005_R01_002.czi,4,77,hiPSC-H2B-TSA-50nM-5hrs-ZSD0
20181005_R01_002-Scene-05-P32_seg_0_cid_81,20181005_R01_002.czi,4,81,hiPSC-H2B-TSA-50nM-5hrs-ZSD0
20181005_R01_002-Scene-05-P32_seg_0_cid_80,20181005_R01_002.czi,4,80,hiPSC-H2B-TSA-50nM-5hrs-ZSD0
20181005_R01_002-Scene-05-P32_seg_0_cid_72,20181005_R01_002.czi,4,72,hiPSC-H2B-TSA-50nM-5hrs-ZSD0
20181005_R01_002-Scene-05-P32_seg_0_cid_91,20181005_R01_002.czi,4,91,hiPSC-H2B-TSA-50nM-5hrs-ZSD0
20181005_R01_002-Scene-05-P32_seg_0_cid_71,20181005_R01_002.czi,4,71,hiPSC-H2B-TSA-50nM-5hrs-ZSD0
20181005_R01_002-Scene-05-P32_seg_0_cid_74,20181005_R01_002.czi,4,74,hiPSC-H2B-TSA-50nM-5hrs-ZSD0
20181005_R01_002-Scene-05-P32_seg_0_cid_76,20181005_R01_002.czi,4,76,hiPSC-H2B-TSA-50nM-5hrs-ZSD0
20181005_R01_002-Scene-05-P32_seg_0_cid_92,20181005_R01_002.czi,4,92,hiPSC-H2B-TSA-50nM-5hrs-ZSD0
20181005_R01_002-Scene-06-P58-C02_seg_0_cid_5,20181005_R01_002.czi,5,5,hiPSC-H2B-TSA-50nM-5hrs-ZSD0
20181005_R01_002-Scene-06-P58-C02_seg_0_cid_6,20181005_R01_002.czi,5,6,hiPSC-H2B-TSA-50nM-5hrs-ZSD0
20181005_R01_002-Scene-06-P58-C02_seg_0_cid_7,20181005_R01_002.czi,5,7,hiPSC-H2B-TSA-50nM-5hrs-ZSD0
20181005_R01_002-Scene-06-P58-C02_seg_0_cid_9,20181005_R01_002.czi,5,9,hiPSC-H2B-TSA-50nM-5hrs-ZSD0
20181005_R01_002-Scene-06-P58-C02_seg_0_cid_4,20181005_R01_002.czi,5,4,hiPSC-H2B-TSA-50nM-5hrs-ZSD0
20181005_R01_002-Scene-06-P58-C02_seg_0_cid_14,20181005_R01_002.czi,5,14,hiPSC-H2B-TSA-50nM-5hrs-ZSD0
20181005_R01_002-Scene-06-P58-C02_seg_0_cid_8,20181005_R01_002.czi,5,8,hiPSC-H2B-TSA-50nM-5hrs-ZSD0
20181005_R01_002-Scene-06-P58-C02_seg_0_cid_1,20181005_R01_002.czi,5,1,hiPSC-H2B-TSA-50nM-5hrs-ZSD0
20181005_R01_002-Scene-07-P59-C02_seg_0_cid_153,20181005_R01_002.czi,6,153,hiPSC-H2B-TSA-50nM-5hrs-ZSD0
20181005_R01_002-Scene-07-P59-C02_seg_0_cid_140,20181005_R01_002.czi,6,140,hiPSC-H2B-TSA-50nM-5hrs-ZSD0
20181005_R01_002-Scene-07-P59-C02_seg_0_cid_158,20181005_R01_002.czi,6,158,hiPSC-H2B-TSA-50nM-5hrs-ZSD0
20181005_R01_002-Scene-07-P59-C02_seg_0_cid_151,20181005_R01_002.czi,6,151,hiPSC-H2B-TSA-50nM-5hrs-ZSD0
20181005_R01_002-Scene-07-P59-C02_seg_0_cid_157,20181005_R01_002.czi,6,157,hiPSC-H2B-TSA-50nM-5hrs-ZSD0
20181005_R01_002-Scene-07-P59-C02_seg_0_cid_166,20181005_R01_002.czi,6,166,hiPSC-H2B-TSA-50nM-5hrs-ZSD0
20181005_R01_002-Scene-07-P59-C02_seg_0_cid_141,20181005_R01_002.czi,6,141,hiPSC-H2B-TSA-50nM-5hrs-ZSD0
20181005_R01_002-Scene-07-P59-C02_seg_0_cid_160,20181005_R01_002.czi,6,160,hiPSC-H2B-TSA-50nM-5hrs-ZSD0
20181005_R01_002-Scene-07-P59-C02_seg_0_cid_159,20181005_R01_002.czi,6,159,hiPSC-H2B-TSA-50nM-5hrs-ZSD0
20181005_R01_002-Scene-08-P57-C02_seg_0_cid_68,20181005_R01_002.czi,7,68,hiPSC-H2B-TSA-50nM-5hrs-ZSD0
20181005_R01_002-Scene-08-P57-C02_seg_0_cid_72,20181005_R01_002.czi,7,72,hiPSC-H2B-TSA-50nM-5hrs-ZSD0
20181005_R01_002-Scene-08-P57-C02_seg_0_cid_73,20181005_R01_002.czi,7,73,hiPSC-H2B-TSA-50nM-5hrs-ZSD0
20181005_R01_002-Scene-08-P57-C02_seg_0_cid_74,20181005_R01_002.czi,7,74,hiPSC-H2B-TSA-50nM-5hrs-ZSD0
20181005_R01_002-Scene-08-P57-C02_seg_0_cid_75,20181005_R01_002.czi,7,75,hiPSC-H2B-TSA-50nM-5hrs-ZSD0
20181005_R01_002-Scene-08-P57-C02_seg_0_cid_76,20181005_R01_002.czi,7,76,hiPSC-H2B-TSA-50nM-5hrs-ZSD0
20181005_R01_002-Scene-08-P57-C02_seg_0_cid_87,20181005_R01_002.czi,7,87,hiPSC-H2B-TSA-50nM-5hrs-ZSD0
20181005_R01_002-Scene-08-P57-C02_seg_0_cid_71,20181005_R01_002.czi,7,71,hiPSC-H2B-TSA-50nM-5hrs-ZSD0
20181005_R01_002-Scene-08-P57-C02_seg_0_cid_86,20181005_R01_002.czi,7,86,hiPSC-H2B-TSA-50nM-5hrs-ZSD0
20181005_R01_002-Scene-08-P57-C02_seg_0_cid_79,20181005_R01_002.czi,7,79,hiPSC-H2B-TSA-50nM-5hrs-ZSD0
20181005_R01_002-Scene-09-P51-C02_seg_0_cid_37,20181005_R01_002.czi,8,37,hiPSC-H2B-TSA-50nM-5hrs-ZSD0
20181005_R01_002-Scene-09-P51-C02_seg_0_cid_38,20181005_R01_002.czi,8,38,hiPSC-H2B-TSA-50nM-5hrs-ZSD0
20181005_R01_002-Scene-09-P51-C02_seg_0_cid_39,20181005_R01_002.czi,8,39,hiPSC-H2B-TSA-50nM-5hrs-ZSD0
20181005_R01_002-Scene-09-P51-C02_seg_0_cid_40,20181005_R01_002.czi,8,40,hiPSC-H2B-TSA-50nM-5hrs-ZSD0
20181005_R01_002-Scene-09-P51-C02_seg_0_cid_34,20181005_R01_002.czi,8,34,hiPSC-H2B-TSA-50nM-5hrs-ZSD0
20181005_R01_002-Scene-09-P51-C02_seg_0_cid_29,20181005_R01_002.czi,8,29,hiPSC-H2B-TSA-50nM-5hrs-ZSD0
20181005_R01_002-Scene-09-P51-C02_seg_0_cid_44,20181005_R01_002.czi,8,44,hiPSC-H2B-TSA-50nM-5hrs-ZSD0
20181005_R01_002-Scene-09-P51-C02_seg_0_cid_42,20181005_R01_002.czi,8,42,hiPSC-H2B-TSA-50nM-5hrs-ZSD0
20181005_R01_002-Scene-09-P51-C02_seg_0_cid_36,20181005_R01_002.czi,8,36,hiPSC-H2B-TSA-50nM-5hrs-ZSD0
20181005_R01_002-Scene-09-P51-C02_seg_0_cid_30,20181005_R01_002.czi,8,30,hiPSC-H2B-TSA-50nM-5hrs-ZSD0
20181005_R01_002-Scene-10-P52-C02_seg_0_cid_1,20181005_R01_002.czi,9,1,hiPSC-H2B-TSA-50nM-5hrs-ZSD0
20181005_R01_002-Scene-10-P52-C02_seg_0_cid_7,20181005_R01_002.czi,9,7,hiPSC-H2B-TSA-50nM-5hrs-ZSD0
20181005_R01_002-Scene-10-P52-C02_seg_0_cid_11,20181005_R01_002.czi,9,11,hiPSC-H2B-TSA-50nM-5hrs-ZSD0
20181005_R01_002-Scene-10-P52-C02_seg_0_cid_12,20181005_R01_002.czi,9,12,hiPSC-H2B-TSA-50nM-5hrs-ZSD0
20181005_R01_002-Scene-10-P52-C02_seg_0_cid_24,20181005_R01_002.czi,9,24,hiPSC-H2B-TSA-50nM-5hrs-ZSD0
20181005_R01_002-Scene-10-P52-C02_seg_0_cid_21,20181005_R01_002.czi,9,21,hiPSC-H2B-TSA-50nM-5hrs-ZSD0
20181005_R01_002-Scene-10-P52-C02_seg_0_cid_5,20181005_R01_002.czi,9,5,hiPSC-H2B-TSA-50nM-5hrs-ZSD0
20181005_R01_002-Scene-10-P52-C02_seg_0_cid_6,20181005_R01_002.czi,9,6,hiPSC-H2B-TSA-50nM-5hrs-ZSD0
20181005_R01_002-Scene-10-P52-C02_seg_0_cid_10,20181005_R01_002.czi,9,10,hiPSC-H2B-TSA-50nM-5hrs-ZSD0
20181005_R01_002-Scene-10-P52-C02_seg_0_cid_22,20181005_R01_002.czi,9,22,hiPSC-H2B-TSA-50nM-5hrs-ZSD0
20181005_R01_002-Scene-10-P52-C02_seg_0_cid_8,20181005_R01_002.czi,9,8,hiPSC-H2B-TSA-50nM-5hrs-ZSD0
20181005_R01_002-Scene-11-P53-C02_seg_0_cid_94,20181005_R01_002.czi,10,94,hiPSC-H2B-TSA-50nM-5hrs-ZSD0
20181005_R01_002-Scene-11-P53-C02_seg_0_cid_95,20181005_R01_002.czi,10,95,hiPSC-H2B-TSA-50nM-5hrs-ZSD0
20181005_R01_002-Scene-11-P53-C02_seg_0_cid_96,20181005_R01_002.czi,10,96,hiPSC-H2B-TSA-50nM-5hrs-ZSD0
20181005_R01_002-Scene-11-P53-C02_seg_0_cid_132,20181005_R01_002.czi,10,132,hiPSC-H2B-TSA-50nM-5hrs-ZSD0
20181005_R01_002-Scene-11-P53-C02_seg_0_cid_133,20181005_R01_002.czi,10,133,hiPSC-H2B-TSA-50nM-5hrs-ZSD0
20181005_R01_002-Scene-11-P53-C02_seg_0_cid_109,20181005_R01_002.czi,10,109,hiPSC-H2B-TSA-50nM-5hrs-ZSD0
20181005_R01_002-Scene-11-P53-C02_seg_0_cid_151,20181005_R01_002.czi,10,151,hiPSC-H2B-TSA-50nM-5hrs-ZSD0
20181005_R01_002-Scene-11-P53-C02_seg_0_cid_150,20181005_R01_002.czi,10,150,hiPSC-H2B-TSA-50nM-5hrs-ZSD0
20181005_R01_002-Scene-11-P53-C02_seg_0_cid_131,20181005_R01_002.czi,10,131,hiPSC-H2B-TSA-50nM-5hrs-ZSD0
20181005_R01_002-Scene-11-P53-C02_seg_0_cid_149,20181005_R01_002.czi,10,149,hiPSC-H2B-TSA-50nM-5hrs-ZSD0
20181005_R01_002-Scene-11-P53-C02_seg_0_cid_130,20181005_R01_002.czi,10,130,hiPSC-H2B-TSA-50nM-5hrs-ZSD0
20181005_R01_002-Scene-11-P53-C02_seg_0_cid_108,20181005_R01_002.czi,10,108,hiPSC-H2B-TSA-50nM-5hrs-ZSD0
20181005_R01_002-Scene-11-P53-C02_seg_0_cid_111,20181005_R01_002.czi,10,111,hiPSC-H2B-TSA-50nM-5hrs-ZSD0
20181005_R01_002-Scene-11-P53-C02_seg_0_cid_110,20181005_R01_002.czi,10,110,hiPSC-H2B-TSA-50nM-5hrs-ZSD0
20181005_R01_002-Scene-11-P53-C02_seg_0_cid_112,20181005_R01_002.czi,10,112,hiPSC-H2B-TSA-50nM-5hrs-ZSD0
20181005_R01_002-Scene-12-P56-C02_seg_0_cid_4,20181005_R01_002.czi,11,4,hiPSC-H2B-TSA-50nM-5hrs-ZSD0
20181005_R01_002-Scene-12-P56-C02_seg_0_cid_9,20181005_R01_002.czi,11,9,hiPSC-H2B-TSA-50nM-5hrs-ZSD0
20181005_R01_002-Scene-12-P56-C02_seg_0_cid_19,20181005_R01_002.czi,11,19,hiPSC-H2B-TSA-50nM-5hrs-ZSD0
20181005_R01_002-Scene-12-P56-C02_seg_0_cid_26,20181005_R01_002.czi,11,26,hiPSC-H2B-TSA-50nM-5hrs-ZSD0
20181005_R01_002-Scene-12-P56-C02_seg_0_cid_11,20181005_R01_002.czi,11,11,hiPSC-H2B-TSA-50nM-5hrs-ZSD0
20181005_R01_002-Scene-12-P56-C02_seg_0_cid_22,20181005_R01_002.czi,11,22,hiPSC-H2B-TSA-50nM-5hrs-ZSD0
20181005_R01_002-Scene-12-P56-C02_seg_0_cid_20,20181005_R01_002.czi,11,20,hiPSC-H2B-TSA-50nM-5hrs-ZSD0
20181005_R01_002-Scene-12-P56-C02_seg_0_cid_10,20181005_R01_002.czi,11,10,hiPSC-H2B-TSA-50nM-5hrs-ZSD0
20181005_R01_002-Scene-12-P56-C02_seg_0_cid_8,20181005_R01_002.czi,11,8,hiPSC-H2B-TSA-50nM-5hrs-ZSD0
20181005_R01_002-Scene-12-P56-C02_seg_0_cid_7,20181005_R01_002.czi,11,7,hiPSC-H2B-TSA-50nM-5hrs-ZSD0
20181005_R01_002-Scene-12-P56-C02_seg_0_cid_6,20181005_R01_002.czi,11,6,hiPSC-H2B-TSA-50nM-5hrs-ZSD0
20181005_R01_002-Scene-13-P50-C01_seg_0_cid_83,20181005_R01_002.czi,12,83,hiPSC-H2B-TSA-50nM-5hrs-ZSD0
20181005_R01_002-Scene-13-P50-C01_seg_0_cid_80,20181005_R01_002.czi,12,80,hiPSC-H2B-TSA-50nM-5hrs-ZSD0
20181005_R01_002-Scene-13-P50-C01_seg_0_cid_90,20181005_R01_002.czi,12,90,hiPSC-H2B-TSA-50nM-5hrs-ZSD0
20181005_R01_002-Scene-13-P50-C01_seg_0_cid_82,20181005_R01_002.czi,12,82,hiPSC-H2B-TSA-50nM-5hrs-ZSD0
20181005_R01_002-Scene-13-P50-C01_seg_0_cid_93,20181005_R01_002.czi,12,93,hiPSC-H2B-TSA-50nM-5hrs-ZSD0
20181005_R01_002-Scene-13-P50-C01_seg_0_cid_87,20181005_R01_002.czi,12,87,hiPSC-H2B-TSA-50nM-5hrs-ZSD0
20181005_R01_002-Scene-13-P50-C01_seg_0_cid_81,20181005_R01_002.czi,12,81,hiPSC-H2B-TSA-50nM-5hrs-ZSD0
20181005_R01_002-Scene-13-P50-C01_seg_0_cid_76,20181005_R01_002.czi,12,76,hiPSC-H2B-TSA-50nM-5hrs-ZSD0
20181005_R01_002-Scene-13-P50-C01_seg_0_cid_78,20181005_R01_002.czi,12,78,hiPSC-H2B-TSA-50nM-5hrs-ZSD0
20181005_R01_002-Scene-14-P39-C01_seg_0_cid_10,20181005_R01_002.czi,13,10,hiPSC-H2B-TSA-50nM-5hrs-ZSD0
20181005_R01_002-Scene-14-P39-C01_seg_0_cid_11,20181005_R01_002.czi,13,11,hiPSC-H2B-TSA-50nM-5hrs-ZSD0
20181005_R01_002-Scene-14-P39-C01_seg_0_cid_8,20181005_R01_002.czi,13,8,hiPSC-H2B-TSA-50nM-5hrs-ZSD0
20181005_R01_002-Scene-14-P39-C01_seg_0_cid_7,20181005_R01_002.czi,13,7,hiPSC-H2B-TSA-50nM-5hrs-ZSD0
20181005_R01_002-Scene-14-P39-C01_seg_0_cid_6,20181005_R01_002.czi,13,6,hiPSC-H2B-TSA-50nM-5hrs-ZSD0
20181005_R01_002-Scene-14-P39-C01_seg_0_cid_4,20181005_R01_002.czi,13,4,hiPSC-H2B-TSA-50nM-5hrs-ZSD0
20181005_R01_002-Scene-14-P39-C01_seg_0_cid_17,20181005_R01_002.czi,13,17,hiPSC-H2B-TSA-50nM-5hrs-ZSD0
20181005_R01_002-Scene-14-P39-C01_seg_0_cid_5,20181005_R01_002.czi,13,5,hiPSC-H2B-TSA-50nM-5hrs-ZSD0
20181005_R01_002-Scene-14-P39-C01_seg_0_cid_19,20181005_R01_002.czi,13,19,hiPSC-H2B-TSA-50nM-5hrs-ZSD0
20181005_R01_002-Scene-14-P39-C01_seg_0_cid_18,20181005_R01_002.czi,13,18,hiPSC-H2B-TSA-50nM-5hrs-ZSD0
20181005_R01_002-Scene-14-P39-C01_seg_0_cid_9,20181005_R01_002.czi,13,9,hiPSC-H2B-TSA-50nM-5hrs-ZSD0
20181005_R01_002-Scene-14-P39-C01_seg_0_cid_20,20181005_R01_002.czi,13,20,hiPSC-H2B-TSA-50nM-5hrs-ZSD0
20181005_R01_002-Scene-15-P48-C01_seg_0_cid_7,20181005_R01_002.czi,14,7,hiPSC-H2B-TSA-50nM-5hrs-ZSD0
20181005_R01_002-Scene-15-P48-C01_seg_0_cid_5,20181005_R01_002.czi,14,5,hiPSC-H2B-TSA-50nM-5hrs-ZSD0
20181005_R01_002-Scene-15-P48-C01_seg_0_cid_10,20181005_R01_002.czi,14,10,hiPSC-H2B-TSA-50nM-5hrs-ZSD0
20181005_R01_002-Scene-15-P48-C01_seg_0_cid_3,20181005_R01_002.czi,14,3,hiPSC-H2B-TSA-50nM-5hrs-ZSD0
20181005_R01_002-Scene-15-P48-C01_seg_0_cid_4,20181005_R01_002.czi,14,4,hiPSC-H2B-TSA-50nM-5hrs-ZSD0
20181005_R01_002-Scene-15-P48-C01_seg_0_cid_12,20181005_R01_002.czi,14,12,hiPSC-H2B-TSA-50nM-5hrs-ZSD0
20181005_R01_002-Scene-15-P48-C01_seg_0_cid_6,20181005_R01_002.czi,14,6,hiPSC-H2B-TSA-50nM-5hrs-ZSD0
20181005_R01_002-Scene-15-P48-C01_seg_0_cid_13,20181005_R01_002.czi,14,13,hiPSC-H2B-TSA-50nM-5hrs-ZSD0
20181005_R01_002-Scene-15-P48-C01_seg_0_cid_11,20181005_R01_002.czi,14,11,hiPSC-H2B-TSA-50nM-5hrs-ZSD0
20181005_R01_002-Scene-15-P48-C01_seg_0_cid_9,20181005_R01_002.czi,14,9,hiPSC-H2B-TSA-50nM-5hrs-ZSD0
20181005_R01_002-Scene-15-P48-C01_seg_0_cid_20,20181005_R01_002.czi,14,20,hiPSC-H2B-TSA-50nM-5hrs-ZSD0
20181005_R01_002-Scene-15-P48-C01_seg_0_cid_15,20181005_R01_002.czi,14,15,hiPSC-H2B-TSA-50nM-5hrs-ZSD0
20181005_R01_002-Scene-16-P40-C01_seg_0_cid_15,20181005_R01_002.czi,15,15,hiPSC-H2B-TSA-50nM-5hrs-ZSD0
20181005_R01_002-Scene-16-P40-C01_seg_0_cid_16,20181005_R01_002.czi,15,16,hiPSC-H2B-TSA-50nM-5hrs-ZSD0
20181005_R01_002-Scene-16-P40-C01_seg_0_cid_30,20181005_R01_002.czi,15,30,hiPSC-H2B-TSA-50nM-5hrs-ZSD0
20181005_R01_002-Scene-16-P40-C01_seg_0_cid_38,20181005_R01_002.czi,15,38,hiPSC-H2B-TSA-50nM-5hrs-ZSD0
20181005_R01_002-Scene-16-P40-C01_seg_0_cid_22,20181005_R01_002.czi,15,22,hiPSC-H2B-TSA-50nM-5hrs-ZSD0
20181005_R01_002-Scene-16-P40-C01_seg_0_cid_26,20181005_R01_002.czi,15,26,hiPSC-H2B-TSA-50nM-5hrs-ZSD0
20181005_R01_002-Scene-16-P40-C01_seg_0_cid_28,20181005_R01_002.czi,15,28,hiPSC-H2B-TSA-50nM-5hrs-ZSD0
20181005_R01_002-Scene-16-P40-C01_seg_0_cid_36,20181005_R01_002.czi,15,36,hiPSC-H2B-TSA-50nM-5hrs-ZSD0
20181005_R01_002-Scene-16-P40-C01_seg_0_cid_37,20181005_R01_002.czi,15,37,hiPSC-H2B-TSA-50nM-5hrs-ZSD0
20181005_R01_002-Scene-16-P40-C01_seg_0_cid_21,20181005_R01_002.czi,15,21,hiPSC-H2B-TSA-50nM-5hrs-ZSD0
20181005_R01_002-Scene-16-P40-C01_seg_0_cid_23,20181005_R01_002.czi,15,23,hiPSC-H2B-TSA-50nM-5hrs-ZSD0
20181005_R01_002-Scene-16-P40-C01_seg_0_cid_24,20181005_R01_002.czi,15,24,hiPSC-H2B-TSA-50nM-5hrs-ZSD0
20181005_R01_002-Scene-17-P43-C01_seg_0_cid_1,20181005_R01_002.czi,16,1,hiPSC-H2B-TSA-50nM-5hrs-ZSD0
20181005_R01_002-Scene-17-P43-C01_seg_0_cid_4,20181005_R01_002.czi,16,4,hiPSC-H2B-TSA-50nM-5hrs-ZSD0
20181005_R01_002-Scene-17-P43-C01_seg_0_cid_7,20181005_R01_002.czi,16,7,hiPSC-H2B-TSA-50nM-5hrs-ZSD0
20181005_R01_002-Scene-17-P43-C01_seg_0_cid_8,20181005_R01_002.czi,16,8,hiPSC-H2B-TSA-50nM-5hrs-ZSD0
20181005_R01_002-Scene-17-P43-C01_seg_0_cid_9,20181005_R01_002.czi,16,9,hiPSC-H2B-TSA-50nM-5hrs-ZSD0
20181005_R01_002-Scene-17-P43-C01_seg_0_cid_10,20181005_R01_002.czi,16,10,hiPSC-H2B-TSA-50nM-5hrs-ZSD0
20181005_R01_002-Scene-17-P43-C01_seg_0_cid_14,20181005_R01_002.czi,16,14,hiPSC-H2B-TSA-50nM-5hrs-ZSD0
20181005_R01_002-Scene-18-P47-C01_seg_0_cid_3,20181005_R01_002.czi,17,3,hiPSC-H2B-TSA-50nM-5hrs-ZSD0
20181005_R01_002-Scene-18-P47-C01_seg_0_cid_4,20181005_R01_002.czi,17,4,hiPSC-H2B-TSA-50nM-5hrs-ZSD0
20181005_R01_002-Scene-18-P47-C01_seg_0_cid_5,20181005_R01_002.czi,17,5,hiPSC-H2B-TSA-50nM-5hrs-ZSD0
20181005_R01_002-Scene-18-P47-C01_seg_0_cid_7,20181005_R01_002.czi,17,7,hiPSC-H2B-TSA-50nM-5hrs-ZSD0
20181005_R01_002-Scene-18-P47-C01_seg_0_cid_10,20181005_R01_002.czi,17,10,hiPSC-H2B-TSA-50nM-5hrs-ZSD0
20181005_R01_002-Scene-18-P47-C01_seg_0_cid_9,20181005_R01_002.czi,17,9,hiPSC-H2B-TSA-50nM-5hrs-ZSD0
20181005_R01_002-Scene-19-P42-C01_seg_0_cid_99,20181005_R01_002.czi,18,99,hiPSC-H2B-TSA-50nM-5hrs-ZSD0
20181005_R01_002-Scene-19-P42-C01_seg_0_cid_96,20181005_R01_002.czi,18,96,hiPSC-H2B-TSA-50nM-5hrs-ZSD0
20181005_R01_002-Scene-19-P42-C01_seg_0_cid_104,20181005_R01_002.czi,18,104,hiPSC-H2B-TSA-50nM-5hrs-ZSD0
20181005_R01_002-Scene-19-P42-C01_seg_0_cid_89,20181005_R01_002.czi,18,89,hiPSC-H2B-TSA-50nM-5hrs-ZSD0
20181005_R01_002-Scene-19-P42-C01_seg_0_cid_90,20181005_R01_002.czi,18,90,hiPSC-H2B-TSA-50nM-5hrs-ZSD0
20181005_R01_002-Scene-19-P42-C01_seg_0_cid_88,20181005_R01_002.czi,18,88,hiPSC-H2B-TSA-50nM-5hrs-ZSD0
20181005_R01_002-Scene-19-P42-C01_seg_0_cid_98,20181005_R01_002.czi,18,98,hiPSC-H2B-TSA-50nM-5hrs-ZSD0
20181005_R01_002-Scene-19-P42-C01_seg_0_cid_97,20181005_R01_002.czi,18,97,hiPSC-H2B-TSA-50nM-5hrs-ZSD0
20181005_R01_002-Scene-19-P42-C01_seg_0_cid_106,20181005_R01_002.czi,18,106,hiPSC-H2B-TSA-50nM-5hrs-ZSD0
20181005_R01_002-Scene-19-P42-C01_seg_0_cid_95,20181005_R01_002.czi,18,95,hiPSC-H2B-TSA-50nM-5hrs-ZSD0
20181005_R01_002-Scene-20-P44-C01_seg_0_cid_83,20181005_R01_002.czi,19,83,hiPSC-H2B-TSA-50nM-5hrs-ZSD0
20181005_R01_002-Scene-20-P44-C01_seg_0_cid_95,20181005_R01_002.czi,19,95,hiPSC-H2B-TSA-50nM-5hrs-ZSD0
20181005_R01_002-Scene-20-P44-C01_seg_0_cid_86,20181005_R01_002.czi,19,86,hiPSC-H2B-TSA-50nM-5hrs-ZSD0
20181005_R01_002-Scene-20-P44-C01_seg_0_cid_97,20181005_R01_002.czi,19,97,hiPSC-H2B-TSA-50nM-5hrs-ZSD0
20181005_R01_002-Scene-20-P44-C01_seg_0_cid_85,20181005_R01_002.czi,19,85,hiPSC-H2B-TSA-50nM-5hrs-ZSD0
20181005_R01_002-Scene-20-P44-C01_seg_0_cid_84,20181005_R01_002.czi,19,84,hiPSC-H2B-TSA-50nM-5hrs-ZSD0
20181005_R01_002-Scene-20-P44-C01_seg_0_cid_82,20181005_R01_002.czi,19,82,hiPSC-H2B-TSA-50nM-5hrs-ZSD0
20181005_R01_002-Scene-20-P44-C01_seg_0_cid_94,20181005_R01_002.czi,19,94,hiPSC-H2B-TSA-50nM-5hrs-ZSD0
20181005_R01_002-Scene-20-P44-C01_seg_0_cid_88,20181005_R01_002.czi,19,88,hiPSC-H2B-TSA-50nM-5hrs-ZSD0
20181005_R01_002-Scene-21-P46-C01_seg_0_cid_12,20181005_R01_002.czi,20,12,hiPSC-H2B-TSA-50nM-5hrs-ZSD0
20181005_R01_002-Scene-21-P46-C01_seg_0_cid_11,20181005_R01_002.czi,20,11,hiPSC-H2B-TSA-50nM-5hrs-ZSD0
20181005_R01_002-Scene-21-P46-C01_seg_0_cid_3,20181005_R01_002.czi,20,3,hiPSC-H2B-TSA-50nM-5hrs-ZSD0
20181005_R01_002-Scene-21-P46-C01_seg_0_cid_10,20181005_R01_002.czi,20,10,hiPSC-H2B-TSA-50nM-5hrs-ZSD0
20181005_R01_002-Scene-21-P46-C01_seg_0_cid_1,20181005_R01_002.czi,20,1,hiPSC-H2B-TSA-50nM-5hrs-ZSD0
20181005_R01_002-Scene-21-P46-C01_seg_0_cid_8,20181005_R01_002.czi,20,8,hiPSC-H2B-TSA-50nM-5hrs-ZSD0
20181005_R01_002-Scene-21-P46-C01_seg_0_cid_6,20181005_R01_002.czi,20,6,hiPSC-H2B-TSA-50nM-5hrs-ZSD0
20181005_R01_002-Scene-21-P46-C01_seg_0_cid_7,20181005_R01_002.czi,20,7,hiPSC-H2B-TSA-50nM-5hrs-ZSD0
20181005_R01_002-Scene-21-P46-C01_seg_0_cid_9,20181005_R01_002.czi,20,9,hiPSC-H2B-TSA-50nM-5hrs-ZSD0
20181005_R01_002-Scene-21-P46-C01_seg_0_cid_23,20181005_R01_002.czi,20,23,hiPSC-H2B-TSA-50nM-5hrs-ZSD0
20181005_R01_003-Scene-01-P82-A02_seg_0_cid_73,20181005_R01_003.czi,0,73,hiPSC-H2B-TSA-50nM-5hrs-ZSD0
20181005_R01_003-Scene-01-P82-A02_seg_0_cid_57,20181005_R01_003.czi,0,57,hiPSC-H2B-TSA-50nM-5hrs-ZSD0
20181005_R01_003-Scene-01-P82-A02_seg_0_cid_62,20181005_R01_003.czi,0,62,hiPSC-H2B-TSA-50nM-5hrs-ZSD0
20181005_R01_003-Scene-01-P82-A02_seg_0_cid_77,20181005_R01_003.czi,0,77,hiPSC-H2B-TSA-50nM-5hrs-ZSD0
20181005_R01_003-Scene-01-P82-A02_seg_0_cid_66,20181005_R01_003.czi,0,66,hiPSC-H2B-TSA-50nM-5hrs-ZSD0
20181005_R01_003-Scene-01-P82-A02_seg_0_cid_64,20181005_R01_003.czi,0,64,hiPSC-H2B-TSA-50nM-5hrs-ZSD0
20181005_R01_003-Scene-01-P82-A02_seg_0_cid_76,20181005_R01_003.czi,0,76,hiPSC-H2B-TSA-50nM-5hrs-ZSD0
20181005_R01_003-Scene-01-P82-A02_seg_0_cid_63,20181005_R01_003.czi,0,63,hiPSC-H2B-TSA-50nM-5hrs-ZSD0
20181005_R01_003-Scene-01-P82-A02_seg_0_cid_65,20181005_R01_003.czi,0,65,hiPSC-H2B-TSA-50nM-5hrs-ZSD0
20181005_R01_003-Scene-01-P82-A02_seg_0_cid_69,20181005_R01_003.czi,0,69,hiPSC-H2B-TSA-50nM-5hrs-ZSD0
20181005_R01_003-Scene-01-P82-A02_seg_0_cid_61,20181005_R01_003.czi,0,61,hiPSC-H2B-TSA-50nM-5hrs-ZSD0
20181005_R01_003-Scene-01-P82-A02_seg_0_cid_58,20181005_R01_003.czi,0,58,hiPSC-H2B-TSA-50nM-5hrs-ZSD0
20181005_R01_003-Scene-01-P82-A02_seg_0_cid_72,20181005_R01_003.czi,0,72,hiPSC-H2B-TSA-50nM-5hrs-ZSD0
20181005_R01_003-Scene-01-P82-A02_seg_0_cid_55,20181005_R01_003.czi,0,55,hiPSC-H2B-TSA-50nM-5hrs-ZSD0
20181005_R01_003-Scene-01-P82-A02_seg_0_cid_74,20181005_R01_003.czi,0,74,hiPSC-H2B-TSA-50nM-5hrs-ZSD0
20181005_R01_003-Scene-02-P81-A02_seg_0_cid_77,20181005_R01_003.czi,1,77,hiPSC-H2B-TSA-50nM-5hrs-ZSD0
20181005_R01_003-Scene-03-P80-A02_seg_0_cid_7,20181005_R01_003.czi,2,7,hiPSC-H2B-TSA-50nM-5hrs-ZSD0
20181005_R01_003-Scene-03-P80-A02_seg_0_cid_8,20181005_R01_003.czi,2,8,hiPSC-H2B-TSA-50nM-5hrs-ZSD0
20181005_R01_003-Scene-03-P80-A02_seg_0_cid_10,20181005_R01_003.czi,2,10,hiPSC-H2B-TSA-50nM-5hrs-ZSD0
20181005_R01_003-Scene-03-P80-A02_seg_0_cid_4,20181005_R01_003.czi,2,4,hiPSC-H2B-TSA-50nM-5hrs-ZSD0
20181005_R01_003-Scene-04-P79-A02_seg_0_cid_23,20181005_R01_003.czi,3,23,hiPSC-H2B-TSA-50nM-5hrs-ZSD0
20181005_R01_003-Scene-04-P79-A02_seg_0_cid_24,20181005_R01_003.czi,3,24,hiPSC-H2B-TSA-50nM-5hrs-ZSD0
20181005_R01_003-Scene-04-P79-A02_seg_0_cid_21,20181005_R01_003.czi,3,21,hiPSC-H2B-TSA-50nM-5hrs-ZSD0
20181005_R01_003-Scene-04-P79-A02_seg_0_cid_31,20181005_R01_003.czi,3,31,hiPSC-H2B-TSA-50nM-5hrs-ZSD0
20181005_R01_003-Scene-05-P84_seg_0_cid_79,20181005_R01_003.czi,4,79,hiPSC-H2B-TSA-50nM-5hrs-ZSD0
20181005_R01_003-Scene-05-P84_seg_0_cid_80,20181005_R01_003.czi,4,80,hiPSC-H2B-TSA-50nM-5hrs-ZSD0
20181005_R01_003-Scene-05-P84_seg_0_cid_91,20181005_R01_003.czi,4,91,hiPSC-H2B-TSA-50nM-5hrs-ZSD0
20181005_R01_003-Scene-05-P84_seg_0_cid_90,20181005_R01_003.czi,4,90,hiPSC-H2B-TSA-50nM-5hrs-ZSD0
20181005_R01_003-Scene-05-P84_seg_0_cid_71,20181005_R01_003.czi,4,71,hiPSC-H2B-TSA-50nM-5hrs-ZSD0
20181005_R01_003-Scene-05-P84_seg_0_cid_72,20181005_R01_003.czi,4,72,hiPSC-H2B-TSA-50nM-5hrs-ZSD0
20181005_R01_003-Scene-05-P84_seg_0_cid_82,20181005_R01_003.czi,4,82,hiPSC-H2B-TSA-50nM-5hrs-ZSD0
20181005_R01_003-Scene-05-P84_seg_0_cid_85,20181005_R01_003.czi,4,85,hiPSC-H2B-TSA-50nM-5hrs-ZSD0
20181005_R01_003-Scene-05-P84_seg_0_cid_86,20181005_R01_003.czi,4,86,hiPSC-H2B-TSA-50nM-5hrs-ZSD0
20181005_R01_003-Scene-05-P84_seg_0_cid_87,20181005_R01_003.czi,4,87,hiPSC-H2B-TSA-50nM-5hrs-ZSD0
20181005_R01_003-Scene-05-P84_seg_0_cid_81,20181005_R01_003.czi,4,81,hiPSC-H2B-TSA-50nM-5hrs-ZSD0
20181005_R01_003-Scene-05-P84_seg_0_cid_83,20181005_R01_003.czi,4,83,hiPSC-H2B-TSA-50nM-5hrs-ZSD0
20181005_R01_003-Scene-05-P84_seg_0_cid_77,20181005_R01_003.czi,4,77,hiPSC-H2B-TSA-50nM-5hrs-ZSD0
20181005_R01_003-Scene-05-P84_seg_0_cid_78,20181005_R01_003.czi,4,78,hiPSC-H2B-TSA-50nM-5hrs-ZSD0
20181005_R01_003-Scene-06-P85_seg_0_cid_1,20181005_R01_003.czi,5,1,hiPSC-H2B-TSA-50nM-5hrs-ZSD0
20181005_R01_003-Scene-06-P85_seg_0_cid_7,20181005_R01_003.czi,5,7,hiPSC-H2B-TSA-50nM-5hrs-ZSD0
20181005_R01_003-Scene-06-P85_seg_0_cid_5,20181005_R01_003.czi,5,5,hiPSC-H2B-TSA-50nM-5hrs-ZSD0
20181005_R01_003-Scene-06-P85_seg_0_cid_11,20181005_R01_003.czi,5,11,hiPSC-H2B-TSA-50nM-5hrs-ZSD0
20181005_R01_003-Scene-06-P85_seg_0_cid_12,20181005_R01_003.czi,5,12,hiPSC-H2B-TSA-50nM-5hrs-ZSD0
20181005_R01_003-Scene-06-P85_seg_0_cid_4,20181005_R01_003.czi,5,4,hiPSC-H2B-TSA-50nM-5hrs-ZSD0
20181005_R01_003-Scene-06-P85_seg_0_cid_15,20181005_R01_003.czi,5,15,hiPSC-H2B-TSA-50nM-5hrs-ZSD0
20181005_R01_003-Scene-06-P85_seg_0_cid_13,20181005_R01_003.czi,5,13,hiPSC-H2B-TSA-50nM-5hrs-ZSD0
20181005_R01_003-Scene-06-P85_seg_0_cid_6,20181005_R01_003.czi,5,6,hiPSC-H2B-TSA-50nM-5hrs-ZSD0
20181005_R01_003-Scene-07-P78_seg_0_cid_13,20181005_R01_003.czi,6,13,hiPSC-H2B-TSA-50nM-5hrs-ZSD0
20181005_R01_003-Scene-07-P78_seg_0_cid_9,20181005_R01_003.czi,6,9,hiPSC-H2B-TSA-50nM-5hrs-ZSD0
20181005_R01_003-Scene-07-P78_seg_0_cid_6,20181005_R01_003.czi,6,6,hiPSC-H2B-TSA-50nM-5hrs-ZSD0
20181005_R01_003-Scene-07-P78_seg_0_cid_3,20181005_R01_003.czi,6,3,hiPSC-H2B-TSA-50nM-5hrs-ZSD0
20181005_R01_003-Scene-07-P78_seg_0_cid_5,20181005_R01_003.czi,6,5,hiPSC-H2B-TSA-50nM-5hrs-ZSD0
20181005_R01_003-Scene-07-P78_seg_0_cid_8,20181005_R01_003.czi,6,8,hiPSC-H2B-TSA-50nM-5hrs-ZSD0
20181005_R01_003-Scene-07-P78_seg_0_cid_11,20181005_R01_003.czi,6,11,hiPSC-H2B-TSA-50nM-5hrs-ZSD0
20181005_R01_003-Scene-08-P74-B02_seg_0_cid_64,20181005_R01_003.czi,7,64,hiPSC-H2B-TSA-50nM-5hrs-ZSD0
20181005_R01_003-Scene-08-P74-B02_seg_0_cid_61,20181005_R01_003.czi,7,61,hiPSC-H2B-TSA-50nM-5hrs-ZSD0
20181005_R01_003-Scene-08-P74-B02_seg_0_cid_58,20181005_R01_003.czi,7,58,hiPSC-H2B-TSA-50nM-5hrs-ZSD0
20181005_R01_003-Scene-08-P74-B02_seg_0_cid_62,20181005_R01_003.czi,7,62,hiPSC-H2B-TSA-50nM-5hrs-ZSD0
20181005_R01_003-Scene-08-P74-B02_seg_0_cid_60,20181005_R01_003.czi,7,60,hiPSC-H2B-TSA-50nM-5hrs-ZSD0
20181005_R01_003-Scene-08-P74-B02_seg_0_cid_59,20181005_R01_003.czi,7,59,hiPSC-H2B-TSA-50nM-5hrs-ZSD0
20181005_R01_003-Scene-08-P74-B02_seg_0_cid_63,20181005_R01_003.czi,7,63,hiPSC-H2B-TSA-50nM-5hrs-ZSD0
20181005_R01_003-Scene-08-P74-B02_seg_0_cid_52,20181005_R01_003.czi,7,52,hiPSC-H2B-TSA-50nM-5hrs-ZSD0
20181005_R01_003-Scene-09-P72-B02_seg_0_cid_3,20181005_R01_003.czi,8,3,hiPSC-H2B-TSA-50nM-5hrs-ZSD0
20181005_R01_003-Scene-09-P72-B02_seg_0_cid_11,20181005_R01_003.czi,8,11,hiPSC-H2B-TSA-50nM-5hrs-ZSD0
20181005_R01_003-Scene-09-P72-B02_seg_0_cid_13,20181005_R01_003.czi,8,13,hiPSC-H2B-TSA-50nM-5hrs-ZSD0
20181005_R01_003-Scene-09-P72-B02_seg_0_cid_5,20181005_R01_003.czi,8,5,hiPSC-H2B-TSA-50nM-5hrs-ZSD0
20181005_R01_003-Scene-09-P72-B02_seg_0_cid_7,20181005_R01_003.czi,8,7,hiPSC-H2B-TSA-50nM-5hrs-ZSD0
20181005_R01_003-Scene-10-P71-B02_seg_0_cid_56,20181005_R01_003.czi,9,56,hiPSC-H2B-TSA-50nM-5hrs-ZSD0
20181005_R01_003-Scene-10-P71-B02_seg_0_cid_55,20181005_R01_003.czi,9,55,hiPSC-H2B-TSA-50nM-5hrs-ZSD0
20181005_R01_003-Scene-10-P71-B02_seg_0_cid_65,20181005_R01_003.czi,9,65,hiPSC-H2B-TSA-50nM-5hrs-ZSD0
20181005_R01_003-Scene-10-P71-B02_seg_0_cid_53,20181005_R01_003.czi,9,53,hiPSC-H2B-TSA-50nM-5hrs-ZSD0
20181005_R01_003-Scene-10-P71-B02_seg_0_cid_49,20181005_R01_003.czi,9,49,hiPSC-H2B-TSA-50nM-5hrs-ZSD0
20181005_R01_003-Scene-10-P71-B02_seg_0_cid_66,20181005_R01_003.czi,9,66,hiPSC-H2B-TSA-50nM-5hrs-ZSD0
20181005_R01_003-Scene-10-P71-B02_seg_0_cid_50,20181005_R01_003.czi,9,50,hiPSC-H2B-TSA-50nM-5hrs-ZSD0
20181005_R01_003-Scene-11-P76-B02_seg_0_cid_17,20181005_R01_003.czi,10,17,hiPSC-H2B-TSA-50nM-5hrs-ZSD0
20181005_R01_003-Scene-11-P76-B02_seg_0_cid_14,20181005_R01_003.czi,10,14,hiPSC-H2B-TSA-50nM-5hrs-ZSD0
20181005_R01_003-Scene-11-P76-B02_seg_0_cid_10,20181005_R01_003.czi,10,10,hiPSC-H2B-TSA-50nM-5hrs-ZSD0
20181005_R01_003-Scene-11-P76-B02_seg_0_cid_11,20181005_R01_003.czi,10,11,hiPSC-H2B-TSA-50nM-5hrs-ZSD0
20181005_R01_003-Scene-11-P76-B02_seg_0_cid_13,20181005_R01_003.czi,10,13,hiPSC-H2B-TSA-50nM-5hrs-ZSD0
20181005_R01_003-Scene-11-P76-B02_seg_0_cid_16,20181005_R01_003.czi,10,16,hiPSC-H2B-TSA-50nM-5hrs-ZSD0
20181005_R01_003-Scene-11-P76-B02_seg_0_cid_7,20181005_R01_003.czi,10,7,hiPSC-H2B-TSA-50nM-5hrs-ZSD0
20181005_R01_003-Scene-11-P76-B02_seg_0_cid_6,20181005_R01_003.czi,10,6,hiPSC-H2B-TSA-50nM-5hrs-ZSD0
20181005_R01_003-Scene-12-P70-B02_seg_0_cid_3,20181005_R01_003.czi,11,3,hiPSC-H2B-TSA-50nM-5hrs-ZSD0
20181005_R01_003-Scene-12-P70-B02_seg_0_cid_9,20181005_R01_003.czi,11,9,hiPSC-H2B-TSA-50nM-5hrs-ZSD0
20181005_R01_003-Scene-12-P70-B02_seg_0_cid_11,20181005_R01_003.czi,11,11,hiPSC-H2B-TSA-50nM-5hrs-ZSD0
20181005_R01_003-Scene-12-P70-B02_seg_0_cid_15,20181005_R01_003.czi,11,15,hiPSC-H2B-TSA-50nM-5hrs-ZSD0
20181005_R01_003-Scene-12-P70-B02_seg_0_cid_5,20181005_R01_003.czi,11,5,hiPSC-H2B-TSA-50nM-5hrs-ZSD0
20181005_R01_003-Scene-12-P70-B02_seg_0_cid_29,20181005_R01_003.czi,11,29,hiPSC-H2B-TSA-50nM-5hrs-ZSD0
20181005_R01_003-Scene-12-P70-B02_seg_0_cid_12,20181005_R01_003.czi,11,12,hiPSC-H2B-TSA-50nM-5hrs-ZSD0
20181005_R01_003-Scene-12-P70-B02_seg_0_cid_4,20181005_R01_003.czi,11,4,hiPSC-H2B-TSA-50nM-5hrs-ZSD0
20181005_R01_003-Scene-12-P70-B02_seg_0_cid_10,20181005_R01_003.czi,11,10,hiPSC-H2B-TSA-50nM-5hrs-ZSD0
20181005_R01_003-Scene-12-P70-B02_seg_0_cid_13,20181005_R01_003.czi,11,13,hiPSC-H2B-TSA-50nM-5hrs-ZSD0
20181005_R01_003-Scene-12-P70-B02_seg_0_cid_14,20181005_R01_003.czi,11,14,hiPSC-H2B-TSA-50nM-5hrs-ZSD0
20181005_R01_003-Scene-12-P70-B02_seg_0_cid_16,20181005_R01_003.czi,11,16,hiPSC-H2B-TSA-50nM-5hrs-ZSD0
20181005_R01_003-Scene-12-P70-B02_seg_0_cid_19,20181005_R01_003.czi,11,19,hiPSC-H2B-TSA-50nM-5hrs-ZSD0
20181005_R01_003-Scene-12-P70-B02_seg_0_cid_17,20181005_R01_003.czi,11,17,hiPSC-H2B-TSA-50nM-5hrs-ZSD0
20181005_R01_003-Scene-12-P70-B02_seg_0_cid_21,20181005_R01_003.czi,11,21,hiPSC-H2B-TSA-50nM-5hrs-ZSD0
20181005_R01_003-Scene-12-P70-B02_seg_0_cid_7,20181005_R01_003.czi,11,7,hiPSC-H2B-TSA-50nM-5hrs-ZSD0
20181005_R01_003-Scene-13-P64-B02_seg_0_cid_15,20181005_R01_003.czi,12,15,hiPSC-H2B-TSA-50nM-5hrs-ZSD0
20181005_R01_003-Scene-13-P64-B02_seg_0_cid_3,20181005_R01_003.czi,12,3,hiPSC-H2B-TSA-50nM-5hrs-ZSD0
20181005_R01_003-Scene-13-P64-B02_seg_0_cid_10,20181005_R01_003.czi,12,10,hiPSC-H2B-TSA-50nM-5hrs-ZSD0
20181005_R01_003-Scene-13-P64-B02_seg_0_cid_9,20181005_R01_003.czi,12,9,hiPSC-H2B-TSA-50nM-5hrs-ZSD0
20181005_R01_003-Scene-13-P64-B02_seg_0_cid_7,20181005_R01_003.czi,12,7,hiPSC-H2B-TSA-50nM-5hrs-ZSD0
20181005_R01_003-Scene-13-P64-B02_seg_0_cid_1,20181005_R01_003.czi,12,1,hiPSC-H2B-TSA-50nM-5hrs-ZSD0
20181005_R01_003-Scene-13-P64-B02_seg_0_cid_6,20181005_R01_003.czi,12,6,hiPSC-H2B-TSA-50nM-5hrs-ZSD0
20181005_R01_003-Scene-13-P64-B02_seg_0_cid_11,20181005_R01_003.czi,12,11,hiPSC-H2B-TSA-50nM-5hrs-ZSD0
20181005_R01_003-Scene-13-P64-B02_seg_0_cid_18,20181005_R01_003.czi,12,18,hiPSC-H2B-TSA-50nM-5hrs-ZSD0
20181005_R01_003-Scene-13-P64-B02_seg_0_cid_12,20181005_R01_003.czi,12,12,hiPSC-H2B-TSA-50nM-5hrs-ZSD0
20181005_R01_003-Scene-13-P64-B02_seg_0_cid_13,20181005_R01_003.czi,12,13,hiPSC-H2B-TSA-50nM-5hrs-ZSD0
20181005_R01_003-Scene-14-P63-B02_seg_0_cid_167,20181005_R01_003.czi,13,167,hiPSC-H2B-TSA-50nM-5hrs-ZSD0
20181005_R01_003-Scene-14-P63-B02_seg_0_cid_148,20181005_R01_003.czi,13,148,hiPSC-H2B-TSA-50nM-5hrs-ZSD0
20181005_R01_003-Scene-14-P63-B02_seg_0_cid_155,20181005_R01_003.czi,13,155,hiPSC-H2B-TSA-50nM-5hrs-ZSD0
20181005_R01_003-Scene-14-P63-B02_seg_0_cid_159,20181005_R01_003.czi,13,159,hiPSC-H2B-TSA-50nM-5hrs-ZSD0
20181005_R01_003-Scene-14-P63-B02_seg_0_cid_161,20181005_R01_003.czi,13,161,hiPSC-H2B-TSA-50nM-5hrs-ZSD0
20181005_R01_003-Scene-14-P63-B02_seg_0_cid_149,20181005_R01_003.czi,13,149,hiPSC-H2B-TSA-50nM-5hrs-ZSD0
20181005_R01_003-Scene-14-P63-B02_seg_0_cid_147,20181005_R01_003.czi,13,147,hiPSC-H2B-TSA-50nM-5hrs-ZSD0
20181005_R01_003-Scene-14-P63-B02_seg_0_cid_154,20181005_R01_003.czi,13,154,hiPSC-H2B-TSA-50nM-5hrs-ZSD0
20181005_R01_003-Scene-15-P66-B02_seg_0_cid_18,20181005_R01_003.czi,14,18,hiPSC-H2B-TSA-50nM-5hrs-ZSD0
20181005_R01_003-Scene-15-P66-B02_seg_0_cid_11,20181005_R01_003.czi,14,11,hiPSC-H2B-TSA-50nM-5hrs-ZSD0
20181005_R01_003-Scene-15-P66-B02_seg_0_cid_4,20181005_R01_003.czi,14,4,hiPSC-H2B-TSA-50nM-5hrs-ZSD0
20181005_R01_003-Scene-15-P66-B02_seg_0_cid_7,20181005_R01_003.czi,14,7,hiPSC-H2B-TSA-50nM-5hrs-ZSD0
20181005_R01_003-Scene-15-P66-B02_seg_0_cid_14,20181005_R01_003.czi,14,14,hiPSC-H2B-TSA-50nM-5hrs-ZSD0
20181005_R01_003-Scene-15-P66-B02_seg_0_cid_10,20181005_R01_003.czi,14,10,hiPSC-H2B-TSA-50nM-5hrs-ZSD0
20181005_R01_003-Scene-15-P66-B02_seg_0_cid_13,20181005_R01_003.czi,14,13,hiPSC-H2B-TSA-50nM-5hrs-ZSD0
20181005_R01_003-Scene-15-P66-B02_seg_0_cid_12,20181005_R01_003.czi,14,12,hiPSC-H2B-TSA-50nM-5hrs-ZSD0
20181005_R01_003-Scene-15-P66-B02_seg_0_cid_20,20181005_R01_003.czi,14,20,hiPSC-H2B-TSA-50nM-5hrs-ZSD0
20181005_R01_003-Scene-16-P61-B02_seg_0_cid_143,20181005_R01_003.czi,15,143,hiPSC-H2B-TSA-50nM-5hrs-ZSD0
20181005_R01_003-Scene-16-P61-B02_seg_0_cid_139,20181005_R01_003.czi,15,139,hiPSC-H2B-TSA-50nM-5hrs-ZSD0
20181005_R01_003-Scene-16-P61-B02_seg_0_cid_134,20181005_R01_003.czi,15,134,hiPSC-H2B-TSA-50nM-5hrs-ZSD0
20181005_R01_003-Scene-16-P61-B02_seg_0_cid_133,20181005_R01_003.czi,15,133,hiPSC-H2B-TSA-50nM-5hrs-ZSD0
20181005_R01_003-Scene-16-P61-B02_seg_0_cid_135,20181005_R01_003.czi,15,135,hiPSC-H2B-TSA-50nM-5hrs-ZSD0
20181005_R01_003-Scene-16-P61-B02_seg_0_cid_137,20181005_R01_003.czi,15,137,hiPSC-H2B-TSA-50nM-5hrs-ZSD0
20181005_R01_003-Scene-16-P61-B02_seg_0_cid_141,20181005_R01_003.czi,15,141,hiPSC-H2B-TSA-50nM-5hrs-ZSD0
20181005_R01_003-Scene-16-P61-B02_seg_0_cid_136,20181005_R01_003.czi,15,136,hiPSC-H2B-TSA-50nM-5hrs-ZSD0
20181005_R01_003-Scene-16-P61-B02_seg_0_cid_131,20181005_R01_003.czi,15,131,hiPSC-H2B-TSA-50nM-5hrs-ZSD0
20181005_R01_003-Scene-16-P61-B02_seg_0_cid_138,20181005_R01_003.czi,15,138,hiPSC-H2B-TSA-50nM-5hrs-ZSD0
20181005_R01_003-Scene-16-P61-B02_seg_0_cid_140,20181005_R01_003.czi,15,140,hiPSC-H2B-TSA-50nM-5hrs-ZSD0
20181005_R01_003-Scene-17-P67-B02_seg_0_cid_4,20181005_R01_003.czi,16,4,hiPSC-H2B-TSA-50nM-5hrs-ZSD0
20181005_R01_003-Scene-17-P67-B02_seg_0_cid_15,20181005_R01_003.czi,16,15,hiPSC-H2B-TSA-50nM-5hrs-ZSD0
20181005_R01_003-Scene-17-P67-B02_seg_0_cid_17,20181005_R01_003.czi,16,17,hiPSC-H2B-TSA-50nM-5hrs-ZSD0
20181005_R01_003-Scene-17-P67-B02_seg_0_cid_3,20181005_R01_003.czi,16,3,hiPSC-H2B-TSA-50nM-5hrs-ZSD0
20181005_R01_003-Scene-17-P67-B02_seg_0_cid_9,20181005_R01_003.czi,16,9,hiPSC-H2B-TSA-50nM-5hrs-ZSD0
20181005_R01_003-Scene-17-P67-B02_seg_0_cid_12,20181005_R01_003.czi,16,12,hiPSC-H2B-TSA-50nM-5hrs-ZSD0
20181005_R01_003-Scene-17-P67-B02_seg_0_cid_11,20181005_R01_003.czi,16,11,hiPSC-H2B-TSA-50nM-5hrs-ZSD0
20181005_R01_003-Scene-17-P67-B02_seg_0_cid_10,20181005_R01_003.czi,16,10,hiPSC-H2B-TSA-50nM-5hrs-ZSD0
20181005_R01_003-Scene-17-P67-B02_seg_0_cid_14,20181005_R01_003.czi,16,14,hiPSC-H2B-TSA-50nM-5hrs-ZSD0
20181005_R01_003-Scene-17-P67-B02_seg_0_cid_20,20181005_R01_003.czi,16,20,hiPSC-H2B-TSA-50nM-5hrs-ZSD0
20181005_R01_003-Scene-17-P67-B02_seg_0_cid_2,20181005_R01_003.czi,16,2,hiPSC-H2B-TSA-50nM-5hrs-ZSD0
20181005_R02_001-Scene-01-P86-A02_seg_0_cid_1,20181005_R02_001.czi,0,1,hiPSC-H2B-Control-Control-NA-ZSD0
20181005_R02_001-Scene-01-P86-A02_seg_0_cid_8,20181005_R02_001.czi,0,8,hiPSC-H2B-Control-Control-NA-ZSD0
20181005_R02_001-Scene-01-P86-A02_seg_0_cid_52,20181005_R02_001.czi,0,52,hiPSC-H2B-Control-Control-NA-ZSD0
20181005_R02_001-Scene-01-P86-A02_seg_0_cid_20,20181005_R02_001.czi,0,20,hiPSC-H2B-Control-Control-NA-ZSD0
20181005_R02_001-Scene-01-P86-A02_seg_0_cid_4,20181005_R02_001.czi,0,4,hiPSC-H2B-Control-Control-NA-ZSD0
20181005_R02_001-Scene-01-P86-A02_seg_0_cid_70,20181005_R02_001.czi,0,70,hiPSC-H2B-Control-Control-NA-ZSD0
20181005_R02_001-Scene-01-P86-A02_seg_0_cid_63,20181005_R02_001.czi,0,63,hiPSC-H2B-Control-Control-NA-ZSD0
20181005_R02_001-Scene-01-P86-A02_seg_0_cid_9,20181005_R02_001.czi,0,9,hiPSC-H2B-Control-Control-NA-ZSD0
20181005_R02_001-Scene-01-P86-A02_seg_0_cid_17,20181005_R02_001.czi,0,17,hiPSC-H2B-Control-Control-NA-ZSD0
20181005_R02_001-Scene-01-P86-A02_seg_0_cid_31,20181005_R02_001.czi,0,31,hiPSC-H2B-Control-Control-NA-ZSD0
20181005_R02_001-Scene-01-P86-A02_seg_0_cid_11,20181005_R02_001.czi,0,11,hiPSC-H2B-Control-Control-NA-ZSD0
20181005_R02_001-Scene-01-P86-A02_seg_0_cid_22,20181005_R02_001.czi,0,22,hiPSC-H2B-Control-Control-NA-ZSD0
20181005_R02_001-Scene-01-P86-A02_seg_0_cid_32,20181005_R02_001.czi,0,32,hiPSC-H2B-Control-Control-NA-ZSD0
20181005_R02_001-Scene-01-P86-A02_seg_0_cid_16,20181005_R02_001.czi,0,16,hiPSC-H2B-Control-Control-NA-ZSD0
20181005_R02_001-Scene-01-P86-A02_seg_0_cid_40,20181005_R02_001.czi,0,40,hiPSC-H2B-Control-Control-NA-ZSD0
20181005_R02_001-Scene-01-P86-A02_seg_0_cid_55,20181005_R02_001.czi,0,55,hiPSC-H2B-Control-Control-NA-ZSD0
20181005_R02_001-Scene-02-P87-A02_seg_0_cid_84,20181005_R02_001.czi,1,84,hiPSC-H2B-Control-Control-NA-ZSD0
20181005_R02_001-Scene-02-P87-A02_seg_0_cid_93,20181005_R02_001.czi,1,93,hiPSC-H2B-Control-Control-NA-ZSD0
20181005_R02_001-Scene-02-P87-A02_seg_0_cid_94,20181005_R02_001.czi,1,94,hiPSC-H2B-Control-Control-NA-ZSD0
20181005_R02_001-Scene-02-P87-A02_seg_0_cid_99,20181005_R02_001.czi,1,99,hiPSC-H2B-Control-Control-NA-ZSD0
20181005_R02_001-Scene-02-P87-A02_seg_0_cid_95,20181005_R02_001.czi,1,95,hiPSC-H2B-Control-Control-NA-ZSD0
20181005_R02_001-Scene-02-P87-A02_seg_0_cid_136,20181005_R02_001.czi,1,136,hiPSC-H2B-Control-Control-NA-ZSD0
20181005_R02_001-Scene-02-P87-A02_seg_0_cid_97,20181005_R02_001.czi,1,97,hiPSC-H2B-Control-Control-NA-ZSD0
20181005_R02_001-Scene-02-P87-A02_seg_0_cid_127,20181005_R02_001.czi,1,127,hiPSC-H2B-Control-Control-NA-ZSD0
20181005_R02_001-Scene-02-P87-A02_seg_0_cid_115,20181005_R02_001.czi,1,115,hiPSC-H2B-Control-Control-NA-ZSD0
20181005_R02_001-Scene-03-P88-A02_seg_0_cid_81,20181005_R02_001.czi,2,81,hiPSC-H2B-Control-Control-NA-ZSD0
20181005_R02_001-Scene-03-P88-A02_seg_0_cid_63,20181005_R02_001.czi,2,63,hiPSC-H2B-Control-Control-NA-ZSD0
20181005_R02_001-Scene-03-P88-A02_seg_0_cid_80,20181005_R02_001.czi,2,80,hiPSC-H2B-Control-Control-NA-ZSD0
20181005_R02_001-Scene-03-P88-A02_seg_0_cid_89,20181005_R02_001.czi,2,89,hiPSC-H2B-Control-Control-NA-ZSD0
20181005_R02_001-Scene-03-P88-A02_seg_0_cid_72,20181005_R02_001.czi,2,72,hiPSC-H2B-Control-Control-NA-ZSD0
20181005_R02_001-Scene-03-P88-A02_seg_0_cid_94,20181005_R02_001.czi,2,94,hiPSC-H2B-Control-Control-NA-ZSD0
20181005_R02_001-Scene-03-P88-A02_seg_0_cid_68,20181005_R02_001.czi,2,68,hiPSC-H2B-Control-Control-NA-ZSD0
20181005_R02_001-Scene-03-P88-A02_seg_0_cid_74,20181005_R02_001.czi,2,74,hiPSC-H2B-Control-Control-NA-ZSD0
20181005_R02_001-Scene-03-P88-A02_seg_0_cid_91,20181005_R02_001.czi,2,91,hiPSC-H2B-Control-Control-NA-ZSD0
20181005_R02_001-Scene-03-P88-A02_seg_0_cid_78,20181005_R02_001.czi,2,78,hiPSC-H2B-Control-Control-NA-ZSD0
20181005_R02_001-Scene-03-P88-A02_seg_0_cid_98,20181005_R02_001.czi,2,98,hiPSC-H2B-Control-Control-NA-ZSD0
20181005_R02_001-Scene-03-P88-A02_seg_0_cid_77,20181005_R02_001.czi,2,77,hiPSC-H2B-Control-Control-NA-ZSD0
20181005_R02_001-Scene-03-P88-A02_seg_0_cid_76,20181005_R02_001.czi,2,76,hiPSC-H2B-Control-Control-NA-ZSD0
20181005_R02_001-Scene-03-P88-A02_seg_0_cid_67,20181005_R02_001.czi,2,67,hiPSC-H2B-Control-Control-NA-ZSD0
20181005_R02_001-Scene-03-P88-A02_seg_0_cid_60,20181005_R02_001.czi,2,60,hiPSC-H2B-Control-Control-NA-ZSD0
20181005_R02_001-Scene-03-P88-A02_seg_0_cid_61,20181005_R02_001.czi,2,61,hiPSC-H2B-Control-Control-NA-ZSD0
20181005_R02_001-Scene-03-P88-A02_seg_0_cid_71,20181005_R02_001.czi,2,71,hiPSC-H2B-Control-Control-NA-ZSD0
20181005_R02_001-Scene-03-P88-A02_seg_0_cid_73,20181005_R02_001.czi,2,73,hiPSC-H2B-Control-Control-NA-ZSD0
20181005_R02_001-Scene-04-P89_seg_0_cid_6,20181005_R02_001.czi,3,6,hiPSC-H2B-Control-Control-NA-ZSD0
20181005_R02_001-Scene-04-P89_seg_0_cid_17,20181005_R02_001.czi,3,17,hiPSC-H2B-Control-Control-NA-ZSD0
20181005_R02_001-Scene-04-P89_seg_0_cid_13,20181005_R02_001.czi,3,13,hiPSC-H2B-Control-Control-NA-ZSD0
20181005_R02_001-Scene-04-P89_seg_0_cid_3,20181005_R02_001.czi,3,3,hiPSC-H2B-Control-Control-NA-ZSD0
20181005_R02_001-Scene-04-P89_seg_0_cid_11,20181005_R02_001.czi,3,11,hiPSC-H2B-Control-Control-NA-ZSD0
20181005_R02_001-Scene-04-P89_seg_0_cid_28,20181005_R02_001.czi,3,28,hiPSC-H2B-Control-Control-NA-ZSD0
20181005_R02_001-Scene-04-P89_seg_0_cid_10,20181005_R02_001.czi,3,10,hiPSC-H2B-Control-Control-NA-ZSD0
20181005_R02_001-Scene-04-P89_seg_0_cid_22,20181005_R02_001.czi,3,22,hiPSC-H2B-Control-Control-NA-ZSD0
20181005_R02_001-Scene-04-P89_seg_0_cid_2,20181005_R02_001.czi,3,2,hiPSC-H2B-Control-Control-NA-ZSD0
20181005_R02_001-Scene-04-P89_seg_0_cid_9,20181005_R02_001.czi,3,9,hiPSC-H2B-Control-Control-NA-ZSD0
20181005_R02_001-Scene-04-P89_seg_0_cid_25,20181005_R02_001.czi,3,25,hiPSC-H2B-Control-Control-NA-ZSD0
20181005_R02_001-Scene-04-P89_seg_0_cid_24,20181005_R02_001.czi,3,24,hiPSC-H2B-Control-Control-NA-ZSD0
20181005_R02_001-Scene-04-P89_seg_0_cid_26,20181005_R02_001.czi,3,26,hiPSC-H2B-Control-Control-NA-ZSD0
20181005_R02_001-Scene-04-P89_seg_0_cid_16,20181005_R02_001.czi,3,16,hiPSC-H2B-Control-Control-NA-ZSD0
20181005_R02_001-Scene-04-P89_seg_0_cid_5,20181005_R02_001.czi,3,5,hiPSC-H2B-Control-Control-NA-ZSD0
20181005_R02_001-Scene-04-P89_seg_0_cid_14,20181005_R02_001.czi,3,14,hiPSC-H2B-Control-Control-NA-ZSD0
20181005_R02_001-Scene-04-P89_seg_0_cid_37,20181005_R02_001.czi,3,37,hiPSC-H2B-Control-Control-NA-ZSD0
20181005_R02_001-Scene-04-P89_seg_0_cid_12,20181005_R02_001.czi,3,12,hiPSC-H2B-Control-Control-NA-ZSD0
20181005_R02_001-Scene-05-P90_seg_0_cid_15,20181005_R02_001.czi,4,15,hiPSC-H2B-Control-Control-NA-ZSD0
20181005_R02_001-Scene-05-P90_seg_0_cid_17,20181005_R02_001.czi,4,17,hiPSC-H2B-Control-Control-NA-ZSD0
20181005_R02_001-Scene-05-P90_seg_0_cid_12,20181005_R02_001.czi,4,12,hiPSC-H2B-Control-Control-NA-ZSD0
20181005_R02_001-Scene-05-P90_seg_0_cid_32,20181005_R02_001.czi,4,32,hiPSC-H2B-Control-Control-NA-ZSD0
20181005_R02_001-Scene-05-P90_seg_0_cid_24,20181005_R02_001.czi,4,24,hiPSC-H2B-Control-Control-NA-ZSD0
20181005_R02_001-Scene-05-P90_seg_0_cid_6,20181005_R02_001.czi,4,6,hiPSC-H2B-Control-Control-NA-ZSD0
20181005_R02_001-Scene-05-P90_seg_0_cid_4,20181005_R02_001.czi,4,4,hiPSC-H2B-Control-Control-NA-ZSD0
20181005_R02_001-Scene-05-P90_seg_0_cid_34,20181005_R02_001.czi,4,34,hiPSC-H2B-Control-Control-NA-ZSD0
20181005_R02_001-Scene-05-P90_seg_0_cid_9,20181005_R02_001.czi,4,9,hiPSC-H2B-Control-Control-NA-ZSD0
20181005_R02_001-Scene-05-P90_seg_0_cid_8,20181005_R02_001.czi,4,8,hiPSC-H2B-Control-Control-NA-ZSD0
20181005_R02_001-Scene-05-P90_seg_0_cid_25,20181005_R02_001.czi,4,25,hiPSC-H2B-Control-Control-NA-ZSD0
20181005_R02_001-Scene-05-P90_seg_0_cid_7,20181005_R02_001.czi,4,7,hiPSC-H2B-Control-Control-NA-ZSD0
20181005_R02_001-Scene-05-P90_seg_0_cid_26,20181005_R02_001.czi,4,26,hiPSC-H2B-Control-Control-NA-ZSD0
20181005_R02_001-Scene-05-P90_seg_0_cid_13,20181005_R02_001.czi,4,13,hiPSC-H2B-Control-Control-NA-ZSD0
20181005_R02_001-Scene-05-P90_seg_0_cid_14,20181005_R02_001.czi,4,14,hiPSC-H2B-Control-Control-NA-ZSD0
20181005_R02_001-Scene-05-P90_seg_0_cid_18,20181005_R02_001.czi,4,18,hiPSC-H2B-Control-Control-NA-ZSD0
20181005_R02_001-Scene-05-P90_seg_0_cid_16,20181005_R02_001.czi,4,16,hiPSC-H2B-Control-Control-NA-ZSD0
20181005_R02_001-Scene-05-P90_seg_0_cid_28,20181005_R02_001.czi,4,28,hiPSC-H2B-Control-Control-NA-ZSD0
20181005_R02_001-Scene-05-P90_seg_0_cid_11,20181005_R02_001.czi,4,11,hiPSC-H2B-Control-Control-NA-ZSD0
20181005_R02_001-Scene-06-P91-B02_seg_0_cid_103,20181005_R02_001.czi,5,103,hiPSC-H2B-Control-Control-NA-ZSD0
20181005_R02_001-Scene-06-P91-B02_seg_0_cid_123,20181005_R02_001.czi,5,123,hiPSC-H2B-Control-Control-NA-ZSD0
20181005_R02_001-Scene-06-P91-B02_seg_0_cid_105,20181005_R02_001.czi,5,105,hiPSC-H2B-Control-Control-NA-ZSD0
20181005_R02_001-Scene-06-P91-B02_seg_0_cid_99,20181005_R02_001.czi,5,99,hiPSC-H2B-Control-Control-NA-ZSD0
20181005_R02_001-Scene-06-P91-B02_seg_0_cid_95,20181005_R02_001.czi,5,95,hiPSC-H2B-Control-Control-NA-ZSD0
20181005_R02_001-Scene-06-P91-B02_seg_0_cid_96,20181005_R02_001.czi,5,96,hiPSC-H2B-Control-Control-NA-ZSD0
20181005_R02_001-Scene-06-P91-B02_seg_0_cid_85,20181005_R02_001.czi,5,85,hiPSC-H2B-Control-Control-NA-ZSD0
20181005_R02_001-Scene-06-P91-B02_seg_0_cid_113,20181005_R02_001.czi,5,113,hiPSC-H2B-Control-Control-NA-ZSD0
20181005_R02_001-Scene-06-P91-B02_seg_0_cid_93,20181005_R02_001.czi,5,93,hiPSC-H2B-Control-Control-NA-ZSD0
20181005_R02_001-Scene-06-P91-B02_seg_0_cid_102,20181005_R02_001.czi,5,102,hiPSC-H2B-Control-Control-NA-ZSD0
20181005_R02_001-Scene-06-P91-B02_seg_0_cid_106,20181005_R02_001.czi,5,106,hiPSC-H2B-Control-Control-NA-ZSD0
20181005_R02_001-Scene-06-P91-B02_seg_0_cid_121,20181005_R02_001.czi,5,121,hiPSC-H2B-Control-Control-NA-ZSD0
20181005_R02_001-Scene-06-P91-B02_seg_0_cid_108,20181005_R02_001.czi,5,108,hiPSC-H2B-Control-Control-NA-ZSD0
20181005_R02_001-Scene-07-P92-B02_seg_0_cid_39,20181005_R02_001.czi,6,39,hiPSC-H2B-Control-Control-NA-ZSD0
20181005_R02_001-Scene-07-P92-B02_seg_0_cid_48,20181005_R02_001.czi,6,48,hiPSC-H2B-Control-Control-NA-ZSD0
20181005_R02_001-Scene-07-P92-B02_seg_0_cid_46,20181005_R02_001.czi,6,46,hiPSC-H2B-Control-Control-NA-ZSD0
20181005_R02_001-Scene-07-P92-B02_seg_0_cid_35,20181005_R02_001.czi,6,35,hiPSC-H2B-Control-Control-NA-ZSD0
20181005_R02_001-Scene-07-P92-B02_seg_0_cid_52,20181005_R02_001.czi,6,52,hiPSC-H2B-Control-Control-NA-ZSD0
20181005_R02_001-Scene-07-P92-B02_seg_0_cid_40,20181005_R02_001.czi,6,40,hiPSC-H2B-Control-Control-NA-ZSD0
20181005_R02_001-Scene-07-P92-B02_seg_0_cid_55,20181005_R02_001.czi,6,55,hiPSC-H2B-Control-Control-NA-ZSD0
20181005_R02_001-Scene-07-P92-B02_seg_0_cid_41,20181005_R02_001.czi,6,41,hiPSC-H2B-Control-Control-NA-ZSD0
20181005_R02_001-Scene-07-P92-B02_seg_0_cid_45,20181005_R02_001.czi,6,45,hiPSC-H2B-Control-Control-NA-ZSD0
20181005_R02_002-Scene-01-P96-B02_seg_0_cid_43,20181005_R02_002.czi,0,43,hiPSC-H2B-Control-Control-NA-ZSD0
20181005_R02_002-Scene-01-P96-B02_seg_0_cid_12,20181005_R02_002.czi,0,12,hiPSC-H2B-Control-Control-NA-ZSD0
20181005_R02_002-Scene-01-P96-B02_seg_0_cid_42,20181005_R02_002.czi,0,42,hiPSC-H2B-Control-Control-NA-ZSD0
20181005_R02_002-Scene-01-P96-B02_seg_0_cid_11,20181005_R02_002.czi,0,11,hiPSC-H2B-Control-Control-NA-ZSD0
20181005_R02_002-Scene-01-P96-B02_seg_0_cid_27,20181005_R02_002.czi,0,27,hiPSC-H2B-Control-Control-NA-ZSD0
20181005_R02_002-Scene-01-P96-B02_seg_0_cid_21,20181005_R02_002.czi,0,21,hiPSC-H2B-Control-Control-NA-ZSD0
20181005_R02_002-Scene-01-P96-B02_seg_0_cid_13,20181005_R02_002.czi,0,13,hiPSC-H2B-Control-Control-NA-ZSD0
20181005_R02_002-Scene-01-P96-B02_seg_0_cid_17,20181005_R02_002.czi,0,17,hiPSC-H2B-Control-Control-NA-ZSD0
20181005_R02_002-Scene-01-P96-B02_seg_0_cid_15,20181005_R02_002.czi,0,15,hiPSC-H2B-Control-Control-NA-ZSD0
20181005_R02_002-Scene-01-P96-B02_seg_0_cid_22,20181005_R02_002.czi,0,22,hiPSC-H2B-Control-Control-NA-ZSD0
20181005_R02_002-Scene-01-P96-B02_seg_0_cid_16,20181005_R02_002.czi,0,16,hiPSC-H2B-Control-Control-NA-ZSD0
20181005_R02_002-Scene-01-P96-B02_seg_0_cid_28,20181005_R02_002.czi,0,28,hiPSC-H2B-Control-Control-NA-ZSD0
20181005_R02_002-Scene-01-P96-B02_seg_0_cid_7,20181005_R02_002.czi,0,7,hiPSC-H2B-Control-Control-NA-ZSD0
20181005_R02_002-Scene-01-P96-B02_seg_0_cid_14,20181005_R02_002.czi,0,14,hiPSC-H2B-Control-Control-NA-ZSD0
20181005_R02_002-Scene-01-P96-B02_seg_0_cid_20,20181005_R02_002.czi,0,20,hiPSC-H2B-Control-Control-NA-ZSD0
20181005_R02_002-Scene-01-P96-B02_seg_0_cid_3,20181005_R02_002.czi,0,3,hiPSC-H2B-Control-Control-NA-ZSD0
20181005_R02_002-Scene-01-P96-B02_seg_0_cid_19,20181005_R02_002.czi,0,19,hiPSC-H2B-Control-Control-NA-ZSD0
20181005_R02_002-Scene-01-P96-B02_seg_0_cid_41,20181005_R02_002.czi,0,41,hiPSC-H2B-Control-Control-NA-ZSD0
20181005_R02_002-Scene-01-P96-B02_seg_0_cid_8,20181005_R02_002.czi,0,8,hiPSC-H2B-Control-Control-NA-ZSD0
20181005_R02_002-Scene-01-P96-B02_seg_0_cid_40,20181005_R02_002.czi,0,40,hiPSC-H2B-Control-Control-NA-ZSD0
20181005_R02_002-Scene-02-P97-B02_seg_0_cid_140,20181005_R02_002.czi,1,140,hiPSC-H2B-Control-Control-NA-ZSD0
20181005_R02_002-Scene-02-P97-B02_seg_0_cid_138,20181005_R02_002.czi,1,138,hiPSC-H2B-Control-Control-NA-ZSD0
20181005_R02_002-Scene-02-P97-B02_seg_0_cid_107,20181005_R02_002.czi,1,107,hiPSC-H2B-Control-Control-NA-ZSD0
20181005_R02_002-Scene-02-P97-B02_seg_0_cid_105,20181005_R02_002.czi,1,105,hiPSC-H2B-Control-Control-NA-ZSD0
20181005_R02_002-Scene-02-P97-B02_seg_0_cid_132,20181005_R02_002.czi,1,132,hiPSC-H2B-Control-Control-NA-ZSD0
20181005_R02_002-Scene-02-P97-B02_seg_0_cid_104,20181005_R02_002.czi,1,104,hiPSC-H2B-Control-Control-NA-ZSD0
20181005_R02_002-Scene-02-P97-B02_seg_0_cid_135,20181005_R02_002.czi,1,135,hiPSC-H2B-Control-Control-NA-ZSD0
20181005_R02_002-Scene-02-P97-B02_seg_0_cid_133,20181005_R02_002.czi,1,133,hiPSC-H2B-Control-Control-NA-ZSD0
20181005_R02_002-Scene-02-P97-B02_seg_0_cid_106,20181005_R02_002.czi,1,106,hiPSC-H2B-Control-Control-NA-ZSD0
20181005_R02_002-Scene-02-P97-B02_seg_0_cid_139,20181005_R02_002.czi,1,139,hiPSC-H2B-Control-Control-NA-ZSD0
20181005_R02_002-Scene-02-P97-B02_seg_0_cid_110,20181005_R02_002.czi,1,110,hiPSC-H2B-Control-Control-NA-ZSD0
20181005_R02_002-Scene-02-P97-B02_seg_0_cid_160,20181005_R02_002.czi,1,160,hiPSC-H2B-Control-Control-NA-ZSD0
20181005_R02_002-Scene-02-P97-B02_seg_0_cid_111,20181005_R02_002.czi,1,111,hiPSC-H2B-Control-Control-NA-ZSD0
20181005_R02_002-Scene-02-P97-B02_seg_0_cid_109,20181005_R02_002.czi,1,109,hiPSC-H2B-Control-Control-NA-ZSD0
20181005_R02_002-Scene-03-P98-B02_seg_0_cid_101,20181005_R02_002.czi,2,101,hiPSC-H2B-Control-Control-NA-ZSD0
20181005_R02_002-Scene-03-P98-B02_seg_0_cid_64,20181005_R02_002.czi,2,64,hiPSC-H2B-Control-Control-NA-ZSD0
20181005_R02_002-Scene-03-P98-B02_seg_0_cid_83,20181005_R02_002.czi,2,83,hiPSC-H2B-Control-Control-NA-ZSD0
20181005_R02_002-Scene-03-P98-B02_seg_0_cid_61,20181005_R02_002.czi,2,61,hiPSC-H2B-Control-Control-NA-ZSD0
20181005_R02_002-Scene-03-P98-B02_seg_0_cid_79,20181005_R02_002.czi,2,79,hiPSC-H2B-Control-Control-NA-ZSD0
20181005_R02_002-Scene-03-P98-B02_seg_0_cid_49,20181005_R02_002.czi,2,49,hiPSC-H2B-Control-Control-NA-ZSD0
20181005_R02_002-Scene-03-P98-B02_seg_0_cid_53,20181005_R02_002.czi,2,53,hiPSC-H2B-Control-Control-NA-ZSD0
20181005_R02_002-Scene-03-P98-B02_seg_0_cid_65,20181005_R02_002.czi,2,65,hiPSC-H2B-Control-Control-NA-ZSD0
20181005_R02_002-Scene-03-P98-B02_seg_0_cid_63,20181005_R02_002.czi,2,63,hiPSC-H2B-Control-Control-NA-ZSD0
20181005_R02_002-Scene-03-P98-B02_seg_0_cid_62,20181005_R02_002.czi,2,62,hiPSC-H2B-Control-Control-NA-ZSD0
20181005_R02_002-Scene-03-P98-B02_seg_0_cid_58,20181005_R02_002.czi,2,58,hiPSC-H2B-Control-Control-NA-ZSD0
20181005_R02_002-Scene-03-P98-B02_seg_0_cid_76,20181005_R02_002.czi,2,76,hiPSC-H2B-Control-Control-NA-ZSD0
20181005_R02_002-Scene-03-P98-B02_seg_0_cid_54,20181005_R02_002.czi,2,54,hiPSC-H2B-Control-Control-NA-ZSD0
20181005_R02_002-Scene-03-P98-B02_seg_0_cid_48,20181005_R02_002.czi,2,48,hiPSC-H2B-Control-Control-NA-ZSD0
20181005_R02_002-Scene-03-P98-B02_seg_0_cid_60,20181005_R02_002.czi,2,60,hiPSC-H2B-Control-Control-NA-ZSD0
20181005_R02_002-Scene-03-P98-B02_seg_0_cid_74,20181005_R02_002.czi,2,74,hiPSC-H2B-Control-Control-NA-ZSD0
20181005_R02_002-Scene-03-P98-B02_seg_0_cid_66,20181005_R02_002.czi,2,66,hiPSC-H2B-Control-Control-NA-ZSD0
20181005_R02_002-Scene-03-P98-B02_seg_0_cid_50,20181005_R02_002.czi,2,50,hiPSC-H2B-Control-Control-NA-ZSD0
20181005_R02_002-Scene-03-P98-B02_seg_0_cid_51,20181005_R02_002.czi,2,51,hiPSC-H2B-Control-Control-NA-ZSD0
20181005_R02_002-Scene-03-P98-B02_seg_0_cid_68,20181005_R02_002.czi,2,68,hiPSC-H2B-Control-Control-NA-ZSD0
20181005_R02_002-Scene-04-P99-B02_seg_0_cid_57,20181005_R02_002.czi,3,57,hiPSC-H2B-Control-Control-NA-ZSD0
20181005_R02_002-Scene-04-P99-B02_seg_0_cid_41,20181005_R02_002.czi,3,41,hiPSC-H2B-Control-Control-NA-ZSD0
20181005_R02_002-Scene-04-P99-B02_seg_0_cid_44,20181005_R02_002.czi,3,44,hiPSC-H2B-Control-Control-NA-ZSD0
20181005_R02_002-Scene-04-P99-B02_seg_0_cid_58,20181005_R02_002.czi,3,58,hiPSC-H2B-Control-Control-NA-ZSD0
20181005_R02_002-Scene-04-P99-B02_seg_0_cid_51,20181005_R02_002.czi,3,51,hiPSC-H2B-Control-Control-NA-ZSD0
20181005_R02_002-Scene-04-P99-B02_seg_0_cid_52,20181005_R02_002.czi,3,52,hiPSC-H2B-Control-Control-NA-ZSD0
20181005_R02_002-Scene-04-P99-B02_seg_0_cid_36,20181005_R02_002.czi,3,36,hiPSC-H2B-Control-Control-NA-ZSD0
20181005_R02_002-Scene-04-P99-B02_seg_0_cid_39,20181005_R02_002.czi,3,39,hiPSC-H2B-Control-Control-NA-ZSD0
20181005_R02_002-Scene-04-P99-B02_seg_0_cid_28,20181005_R02_002.czi,3,28,hiPSC-H2B-Control-Control-NA-ZSD0
20181005_R02_002-Scene-04-P99-B02_seg_0_cid_45,20181005_R02_002.czi,3,45,hiPSC-H2B-Control-Control-NA-ZSD0
20181005_R02_002-Scene-04-P99-B02_seg_0_cid_54,20181005_R02_002.czi,3,54,hiPSC-H2B-Control-Control-NA-ZSD0
20181005_R02_002-Scene-04-P99-B02_seg_0_cid_24,20181005_R02_002.czi,3,24,hiPSC-H2B-Control-Control-NA-ZSD0
20181005_R02_002-Scene-04-P99-B02_seg_0_cid_33,20181005_R02_002.czi,3,33,hiPSC-H2B-Control-Control-NA-ZSD0
20181005_R02_002-Scene-04-P99-B02_seg_0_cid_35,20181005_R02_002.czi,3,35,hiPSC-H2B-Control-Control-NA-ZSD0
20181005_R02_002-Scene-04-P99-B02_seg_0_cid_56,20181005_R02_002.czi,3,56,hiPSC-H2B-Control-Control-NA-ZSD0
20181005_R02_002-Scene-04-P99-B02_seg_0_cid_25,20181005_R02_002.czi,3,25,hiPSC-H2B-Control-Control-NA-ZSD0
20181005_R02_002-Scene-04-P99-B02_seg_0_cid_26,20181005_R02_002.czi,3,26,hiPSC-H2B-Control-Control-NA-ZSD0
20181005_R02_002-Scene-04-P99-B02_seg_0_cid_43,20181005_R02_002.czi,3,43,hiPSC-H2B-Control-Control-NA-ZSD0
20181005_R02_002-Scene-04-P99-B02_seg_0_cid_29,20181005_R02_002.czi,3,29,hiPSC-H2B-Control-Control-NA-ZSD0
20181005_R02_002-Scene-04-P99-B02_seg_0_cid_27,20181005_R02_002.czi,3,27,hiPSC-H2B-Control-Control-NA-ZSD0
20181005_R02_002-Scene-04-P99-B02_seg_0_cid_47,20181005_R02_002.czi,3,47,hiPSC-H2B-Control-Control-NA-ZSD0
20181005_R02_002-Scene-05-P100-B02_seg_0_cid_160,20181005_R02_002.czi,4,160,hiPSC-H2B-Control-Control-NA-ZSD0
20181005_R02_002-Scene-05-P100-B02_seg_0_cid_156,20181005_R02_002.czi,4,156,hiPSC-H2B-Control-Control-NA-ZSD0
20181005_R02_002-Scene-05-P100-B02_seg_0_cid_159,20181005_R02_002.czi,4,159,hiPSC-H2B-Control-Control-NA-ZSD0
20181005_R02_002-Scene-05-P100-B02_seg_0_cid_155,20181005_R02_002.czi,4,155,hiPSC-H2B-Control-Control-NA-ZSD0
20181005_R02_002-Scene-05-P100-B02_seg_0_cid_164,20181005_R02_002.czi,4,164,hiPSC-H2B-Control-Control-NA-ZSD0
20181005_R02_002-Scene-05-P100-B02_seg_0_cid_161,20181005_R02_002.czi,4,161,hiPSC-H2B-Control-Control-NA-ZSD0
20181005_R02_002-Scene-05-P100-B02_seg_0_cid_170,20181005_R02_002.czi,4,170,hiPSC-H2B-Control-Control-NA-ZSD0
20181005_R02_002-Scene-05-P100-B02_seg_0_cid_168,20181005_R02_002.czi,4,168,hiPSC-H2B-Control-Control-NA-ZSD0
20181005_R02_002-Scene-05-P100-B02_seg_0_cid_152,20181005_R02_002.czi,4,152,hiPSC-H2B-Control-Control-NA-ZSD0
20181005_R02_002-Scene-06-P101-C02_seg_0_cid_63,20181005_R02_002.czi,5,63,hiPSC-H2B-Control-Control-NA-ZSD0
20181005_R02_002-Scene-06-P101-C02_seg_0_cid_53,20181005_R02_002.czi,5,53,hiPSC-H2B-Control-Control-NA-ZSD0
20181005_R02_002-Scene-06-P101-C02_seg_0_cid_61,20181005_R02_002.czi,5,61,hiPSC-H2B-Control-Control-NA-ZSD0
20181005_R02_002-Scene-06-P101-C02_seg_0_cid_74,20181005_R02_002.czi,5,74,hiPSC-H2B-Control-Control-NA-ZSD0
20181005_R02_002-Scene-06-P101-C02_seg_0_cid_70,20181005_R02_002.czi,5,70,hiPSC-H2B-Control-Control-NA-ZSD0
20181005_R02_002-Scene-06-P101-C02_seg_0_cid_68,20181005_R02_002.czi,5,68,hiPSC-H2B-Control-Control-NA-ZSD0
20181005_R02_002-Scene-06-P101-C02_seg_0_cid_60,20181005_R02_002.czi,5,60,hiPSC-H2B-Control-Control-NA-ZSD0
20181005_R02_002-Scene-06-P101-C02_seg_0_cid_62,20181005_R02_002.czi,5,62,hiPSC-H2B-Control-Control-NA-ZSD0
20181005_R02_002-Scene-06-P101-C02_seg_0_cid_79,20181005_R02_002.czi,5,79,hiPSC-H2B-Control-Control-NA-ZSD0
20181005_R02_002-Scene-06-P101-C02_seg_0_cid_58,20181005_R02_002.czi,5,58,hiPSC-H2B-Control-Control-NA-ZSD0
20181005_R02_002-Scene-06-P101-C02_seg_0_cid_57,20181005_R02_002.czi,5,57,hiPSC-H2B-Control-Control-NA-ZSD0
20181005_R02_002-Scene-06-P101-C02_seg_0_cid_66,20181005_R02_002.czi,5,66,hiPSC-H2B-Control-Control-NA-ZSD0
20181005_R02_002-Scene-06-P101-C02_seg_0_cid_65,20181005_R02_002.czi,5,65,hiPSC-H2B-Control-Control-NA-ZSD0
20181005_R02_002-Scene-06-P101-C02_seg_0_cid_69,20181005_R02_002.czi,5,69,hiPSC-H2B-Control-Control-NA-ZSD0
20181005_R02_002-Scene-06-P101-C02_seg_0_cid_73,20181005_R02_002.czi,5,73,hiPSC-H2B-Control-Control-NA-ZSD0
20181005_R02_002-Scene-06-P101-C02_seg_0_cid_67,20181005_R02_002.czi,5,67,hiPSC-H2B-Control-Control-NA-ZSD0
20181005_R02_002-Scene-06-P101-C02_seg_0_cid_72,20181005_R02_002.czi,5,72,hiPSC-H2B-Control-Control-NA-ZSD0
20181005_R02_002-Scene-06-P101-C02_seg_0_cid_59,20181005_R02_002.czi,5,59,hiPSC-H2B-Control-Control-NA-ZSD0
20181005_R02_002-Scene-07-P105-C02_seg_0_cid_25,20181005_R02_002.czi,6,25,hiPSC-H2B-Control-Control-NA-ZSD0
20181005_R02_002-Scene-07-P105-C02_seg_0_cid_15,20181005_R02_002.czi,6,15,hiPSC-H2B-Control-Control-NA-ZSD0
20181005_R02_002-Scene-07-P105-C02_seg_0_cid_14,20181005_R02_002.czi,6,14,hiPSC-H2B-Control-Control-NA-ZSD0
20181005_R02_002-Scene-07-P105-C02_seg_0_cid_37,20181005_R02_002.czi,6,37,hiPSC-H2B-Control-Control-NA-ZSD0
20181005_R02_002-Scene-07-P105-C02_seg_0_cid_51,20181005_R02_002.czi,6,51,hiPSC-H2B-Control-Control-NA-ZSD0
20181005_R02_002-Scene-07-P105-C02_seg_0_cid_43,20181005_R02_002.czi,6,43,hiPSC-H2B-Control-Control-NA-ZSD0
20181005_R02_002-Scene-07-P105-C02_seg_0_cid_35,20181005_R02_002.czi,6,35,hiPSC-H2B-Control-Control-NA-ZSD0
20181005_R02_002-Scene-07-P105-C02_seg_0_cid_33,20181005_R02_002.czi,6,33,hiPSC-H2B-Control-Control-NA-ZSD0
20181005_R02_002-Scene-07-P105-C02_seg_0_cid_17,20181005_R02_002.czi,6,17,hiPSC-H2B-Control-Control-NA-ZSD0
20181005_R02_002-Scene-07-P105-C02_seg_0_cid_34,20181005_R02_002.czi,6,34,hiPSC-H2B-Control-Control-NA-ZSD0
20181005_R02_002-Scene-07-P105-C02_seg_0_cid_18,20181005_R02_002.czi,6,18,hiPSC-H2B-Control-Control-NA-ZSD0
20181005_R02_002-Scene-07-P105-C02_seg_0_cid_41,20181005_R02_002.czi,6,41,hiPSC-H2B-Control-Control-NA-ZSD0
20181005_R02_002-Scene-07-P105-C02_seg_0_cid_20,20181005_R02_002.czi,6,20,hiPSC-H2B-Control-Control-NA-ZSD0
20181005_R02_002-Scene-07-P105-C02_seg_0_cid_42,20181005_R02_002.czi,6,42,hiPSC-H2B-Control-Control-NA-ZSD0
20181005_R02_002-Scene-07-P105-C02_seg_0_cid_22,20181005_R02_002.czi,6,22,hiPSC-H2B-Control-Control-NA-ZSD0
20181005_R02_002-Scene-07-P105-C02_seg_0_cid_23,20181005_R02_002.czi,6,23,hiPSC-H2B-Control-Control-NA-ZSD0
20181005_R02_002-Scene-07-P105-C02_seg_0_cid_21,20181005_R02_002.czi,6,21,hiPSC-H2B-Control-Control-NA-ZSD0
20181005_R02_002-Scene-07-P105-C02_seg_0_cid_19,20181005_R02_002.czi,6,19,hiPSC-H2B-Control-Control-NA-ZSD0
20181005_R02_002-Scene-08-P102-C02_seg_0_cid_12,20181005_R02_002.czi,7,12,hiPSC-H2B-Control-Control-NA-ZSD0
20181005_R02_002-Scene-08-P102-C02_seg_0_cid_11,20181005_R02_002.czi,7,11,hiPSC-H2B-Control-Control-NA-ZSD0
20181005_R02_002-Scene-08-P102-C02_seg_0_cid_9,20181005_R02_002.czi,7,9,hiPSC-H2B-Control-Control-NA-ZSD0
20181005_R02_002-Scene-08-P102-C02_seg_0_cid_6,20181005_R02_002.czi,7,6,hiPSC-H2B-Control-Control-NA-ZSD0
20181005_R02_002-Scene-08-P102-C02_seg_0_cid_10,20181005_R02_002.czi,7,10,hiPSC-H2B-Control-Control-NA-ZSD0
20181005_R02_002-Scene-08-P102-C02_seg_0_cid_18,20181005_R02_002.czi,7,18,hiPSC-H2B-Control-Control-NA-ZSD0
20181005_R02_002-Scene-08-P102-C02_seg_0_cid_19,20181005_R02_002.czi,7,19,hiPSC-H2B-Control-Control-NA-ZSD0
20181005_R02_002-Scene-08-P102-C02_seg_0_cid_2,20181005_R02_002.czi,7,2,hiPSC-H2B-Control-Control-NA-ZSD0
20181005_R02_002-Scene-08-P102-C02_seg_0_cid_21,20181005_R02_002.czi,7,21,hiPSC-H2B-Control-Control-NA-ZSD0
20181005_R02_002-Scene-08-P102-C02_seg_0_cid_3,20181005_R02_002.czi,7,3,hiPSC-H2B-Control-Control-NA-ZSD0
20181005_R02_002-Scene-08-P102-C02_seg_0_cid_7,20181005_R02_002.czi,7,7,hiPSC-H2B-Control-Control-NA-ZSD0
20181005_R02_002-Scene-09-P103-C02_seg_0_cid_80,20181005_R02_002.czi,8,80,hiPSC-H2B-Control-Control-NA-ZSD0
20181005_R02_002-Scene-09-P103-C02_seg_0_cid_65,20181005_R02_002.czi,8,65,hiPSC-H2B-Control-Control-NA-ZSD0
20181005_R02_002-Scene-09-P103-C02_seg_0_cid_76,20181005_R02_002.czi,8,76,hiPSC-H2B-Control-Control-NA-ZSD0
20181005_R02_002-Scene-09-P103-C02_seg_0_cid_67,20181005_R02_002.czi,8,67,hiPSC-H2B-Control-Control-NA-ZSD0
20181005_R02_002-Scene-09-P103-C02_seg_0_cid_71,20181005_R02_002.czi,8,71,hiPSC-H2B-Control-Control-NA-ZSD0
20181005_R02_002-Scene-09-P103-C02_seg_0_cid_77,20181005_R02_002.czi,8,77,hiPSC-H2B-Control-Control-NA-ZSD0
20181005_R02_002-Scene-09-P103-C02_seg_0_cid_41,20181005_R02_002.czi,8,41,hiPSC-H2B-Control-Control-NA-ZSD0
20181005_R02_002-Scene-09-P103-C02_seg_0_cid_53,20181005_R02_002.czi,8,53,hiPSC-H2B-Control-Control-NA-ZSD0
20181005_R02_002-Scene-09-P103-C02_seg_0_cid_62,20181005_R02_002.czi,8,62,hiPSC-H2B-Control-Control-NA-ZSD0
20181005_R02_002-Scene-09-P103-C02_seg_0_cid_52,20181005_R02_002.czi,8,52,hiPSC-H2B-Control-Control-NA-ZSD0
20181005_R02_002-Scene-09-P103-C02_seg_0_cid_50,20181005_R02_002.czi,8,50,hiPSC-H2B-Control-Control-NA-ZSD0
20181005_R02_002-Scene-09-P103-C02_seg_0_cid_38,20181005_R02_002.czi,8,38,hiPSC-H2B-Control-Control-NA-ZSD0
20181005_R02_002-Scene-09-P103-C02_seg_0_cid_54,20181005_R02_002.czi,8,54,hiPSC-H2B-Control-Control-NA-ZSD0
20181005_R02_002-Scene-09-P103-C02_seg_0_cid_70,20181005_R02_002.czi,8,70,hiPSC-H2B-Control-Control-NA-ZSD0
20181005_R02_002-Scene-10-P104-C02_seg_0_cid_31,20181005_R02_002.czi,9,31,hiPSC-H2B-Control-Control-NA-ZSD0
20181005_R02_002-Scene-10-P104-C02_seg_0_cid_29,20181005_R02_002.czi,9,29,hiPSC-H2B-Control-Control-NA-ZSD0
20181005_R02_002-Scene-10-P104-C02_seg_0_cid_13,20181005_R02_002.czi,9,13,hiPSC-H2B-Control-Control-NA-ZSD0
20181005_R02_002-Scene-10-P104-C02_seg_0_cid_45,20181005_R02_002.czi,9,45,hiPSC-H2B-Control-Control-NA-ZSD0
20181005_R02_002-Scene-10-P104-C02_seg_0_cid_19,20181005_R02_002.czi,9,19,hiPSC-H2B-Control-Control-NA-ZSD0
20181005_R02_002-Scene-10-P104-C02_seg_0_cid_17,20181005_R02_002.czi,9,17,hiPSC-H2B-Control-Control-NA-ZSD0
20181005_R02_002-Scene-10-P104-C02_seg_0_cid_27,20181005_R02_002.czi,9,27,hiPSC-H2B-Control-Control-NA-ZSD0
20181005_R02_002-Scene-10-P104-C02_seg_0_cid_7,20181005_R02_002.czi,9,7,hiPSC-H2B-Control-Control-NA-ZSD0
20181005_R02_002-Scene-10-P104-C02_seg_0_cid_18,20181005_R02_002.czi,9,18,hiPSC-H2B-Control-Control-NA-ZSD0
20181005_R02_002-Scene-10-P104-C02_seg_0_cid_21,20181005_R02_002.czi,9,21,hiPSC-H2B-Control-Control-NA-ZSD0
20181005_R02_002-Scene-10-P104-C02_seg_0_cid_1,20181005_R02_002.czi,9,1,hiPSC-H2B-Control-Control-NA-ZSD0
20181005_R02_002-Scene-10-P104-C02_seg_0_cid_40,20181005_R02_002.czi,9,40,hiPSC-H2B-Control-Control-NA-ZSD0
20181005_R02_002-Scene-10-P104-C02_seg_0_cid_44,20181005_R02_002.czi,9,44,hiPSC-H2B-Control-Control-NA-ZSD0
20181005_R02_002-Scene-10-P104-C02_seg_0_cid_39,20181005_R02_002.czi,9,39,hiPSC-H2B-Control-Control-NA-ZSD0
20181005_R02_002-Scene-10-P104-C02_seg_0_cid_36,20181005_R02_002.czi,9,36,hiPSC-H2B-Control-Control-NA-ZSD0
20181005_R02_002-Scene-10-P104-C02_seg_0_cid_8,20181005_R02_002.czi,9,8,hiPSC-H2B-Control-Control-NA-ZSD0
20181005_R02_002-Scene-10-P104-C02_seg_0_cid_38,20181005_R02_002.czi,9,38,hiPSC-H2B-Control-Control-NA-ZSD0
20181005_R02_002-Scene-10-P104-C02_seg_0_cid_9,20181005_R02_002.czi,9,9,hiPSC-H2B-Control-Control-NA-ZSD0
20181005_R02_002-Scene-10-P104-C02_seg_0_cid_32,20181005_R02_002.czi,9,32,hiPSC-H2B-Control-Control-NA-ZSD0
20181005_R02_002-Scene-10-P104-C02_seg_0_cid_48,20181005_R02_002.czi,9,48,hiPSC-H2B-Control-Control-NA-ZSD0
20181005_R02_002-Scene-10-P104-C02_seg_0_cid_12,20181005_R02_002.czi,9,12,hiPSC-H2B-Control-Control-NA-ZSD0
20181005_R02_002-Scene-10-P104-C02_seg_0_cid_2,20181005_R02_002.czi,9,2,hiPSC-H2B-Control-Control-NA-ZSD0
20181005_R02_002-Scene-10-P104-C02_seg_0_cid_51,20181005_R02_002.czi,9,51,hiPSC-H2B-Control-Control-NA-ZSD0
